File_Name,Error,Similarity,MSE,Similarity_MSE,PSNR,SSIM,Inference_Time
img_0_slice_1.npy,0.0562576437493252,94.37423562506748,0.00849518407863638,99.15048159213636,20.70827206145157,0.6901886271281583,0.21254181861877441
img_0_slice_102.npy,0.04556340672075886,95.44365932792411,0.0062459227436285555,99.37540772563715,22.044033918994984,0.6934187356128383,0.1370391845703125
img_0_slice_106.npy,0.0495504254724091,95.04495745275909,0.007406548021575161,99.25934519784249,21.303841569988702,0.6727601294987269,0.13803935050964355
img_0_slice_117.npy,0.04654376302591309,95.34562369740868,0.006322107722551553,99.36778922774484,21.99138108478859,0.6727056079534853,0.13651371002197266
img_0_slice_120.npy,0.05143438441527604,94.8565615584724,0.007799449923867492,99.22005500761325,21.079360259573555,0.6674269124056352,0.14274096488952637
img_0_slice_128.npy,0.04849238208153599,95.1507617918464,0.006875588977800274,99.31244110221998,21.626900933009644,0.6630306597810047,0.1335151195526123
img_0_slice_130.npy,0.05182746970088136,94.81725302991187,0.007948870204001207,99.20511297959987,20.996945944927198,0.6526694266131365,0.13711833953857422
img_0_slice_136.npy,0.0437744716504333,95.62255283495666,0.005805797470160011,99.419420252984,22.36138118198811,0.6865394890125948,0.13706016540527344
img_0_slice_145.npy,0.04814855363787134,95.18514463621287,0.007019216176733414,99.29807838232666,21.53711382047581,0.6608798101538566,0.13568544387817383
img_0_slice_151.npy,0.05223349099319063,94.77665090068093,0.008247118607433124,99.1752881392567,20.836977595070387,0.6475240602551688,0.13651490211486816
img_0_slice_154.npy,0.04345085423541751,95.65491457645825,0.005678033305994758,99.43219666940053,22.458020643344106,0.6787052798565617,0.13447880744934082
img_0_slice_167.npy,0.043461794951232875,95.6538205048767,0.005803757319048796,99.41962426809512,22.362907556418584,0.6883610550482011,0.1360487937927246
img_0_slice_169.npy,0.04998120677271812,95.00187932272819,0.007733821340568484,99.22661786594315,21.116058648077498,0.6585755516521634,0.1353626251220703
img_0_slice_175.npy,0.04505026688692565,95.49497331130743,0.006303372855782316,99.36966271442176,22.004270028189335,0.680289784203037,0.1360607147216797
img_0_slice_182.npy,0.03833550195483034,96.16644980451696,0.0044984727908506964,99.55015272091494,23.469349020202117,0.7140099407541823,0.13906073570251465
img_0_slice_186.npy,0.039356827253887755,96.06431727461123,0.004846244063933155,99.51537559360668,23.145947179429804,0.7241824594951373,0.13305139541625977
img_0_slice_20.npy,0.0504778988311056,94.95221011688943,0.007491459755848011,99.2508540244152,21.25433549171045,0.7105173964031026,0.13704180717468262
img_0_slice_209.npy,0.056072825457711244,94.39271745422889,0.00897605526355388,99.10239447364462,20.46914482226214,0.6822408866053253,0.13704848289489746
img_0_slice_213.npy,0.04873813637222732,95.12618636277726,0.006535753296785746,99.34642467032143,21.84704349356106,0.7146504563179257,0.13351893424987793
img_0_slice_219.npy,0.06603969261817065,93.39603073818293,0.011583981730124681,98.84160182698753,19.361421361013736,0.6374314759613721,0.13451719284057617
img_0_slice_230.npy,0.07016946789913375,92.98305321008662,0.011823374599239586,98.81766254007604,19.272585504717878,0.6106138006601206,0.13672995567321777
img_0_slice_232.npy,0.0620316387513244,93.79683612486755,0.009198009958535683,99.08019900414644,20.36306124558159,0.6425444991375842,0.14051461219787598
img_0_slice_243.npy,0.05101260829925038,94.89873917007496,0.00610097979993845,99.38990202000616,22.14600412934147,0.6808642141525667,0.133314847946167
img_0_slice_25.npy,0.04948536932094746,95.05146306790525,0.007379218839096255,99.26207811609038,21.31989609969096,0.721584494030188,0.13503646850585938
img_0_slice_254.npy,0.053802096135535854,94.61979038644641,0.006960263533063919,99.3039736466936,21.573743165979536,0.6819542979747077,0.1356217861175537
img_0_slice_258.npy,0.060360824320456516,93.96391756795435,0.008877654795264473,99.11223452047355,20.517017463828005,0.6711271790431611,0.13751912117004395
img_0_slice_36.npy,0.040945266793848904,95.90547332061512,0.005204574945306618,99.47954250546934,22.836147332899834,0.7448243760276221,0.1356518268585205
img_0_slice_48.npy,0.04552128920677949,95.44787107932206,0.006534138993711866,99.34658610062881,21.84811631482858,0.7305912373893879,0.13451576232910156
img_0_slice_56.npy,0.042346844757206625,95.76531552427934,0.005612031105040951,99.4387968894959,22.508799305320938,0.7194898043545703,0.13950014114379883
img_0_slice_6.npy,0.057852805173706986,94.2147194826293,0.009244827335229808,99.07551726647702,20.34101195706233,0.6942888951729699,0.1345205307006836
img_0_slice_64.npy,0.04480902641392187,95.51909735860782,0.00639551919237712,99.36044808076228,21.941241934477542,0.7168701513947775,0.13306546211242676
img_0_slice_71.npy,0.046649443139622854,95.33505568603772,0.006741526371521086,99.3258473628479,21.7124176226599,0.7085446867064511,0.13551878929138184
img_0_slice_72.npy,0.05018452685224207,94.9815473147758,0.007761699819671543,99.22383001803284,21.100431574193905,0.685837973249958,0.13875913619995117
img_0_slice_83.npy,0.04645050396450576,95.35494960354941,0.006858602997431315,99.31413970025686,21.637643350646563,0.6872294548297849,0.1355142593383789
img_10_slice_1.npy,0.024863073953245766,97.51369260467543,0.001648407770302878,99.83515922296972,27.829353469551968,0.8475422172789698,0.1335737705230713
img_10_slice_100.npy,0.032686441854718334,96.73135581452816,0.003257306063434809,99.67426939365652,24.871414322807354,0.7766805031566876,0.12878966331481934
img_10_slice_109.npy,0.03370521829948302,96.6294781700517,0.0034924088129529495,99.6507591187047,24.568749245261227,0.7857066938419521,0.13165807723999023
img_10_slice_111.npy,0.03108883371900276,96.89111662809972,0.003011677957405833,99.69883220425942,25.211914696556306,0.791088569358224,0.13452482223510742
img_10_slice_119.npy,0.03139996377541025,96.86000362245898,0.003084375024603287,99.69156249753968,25.10832822186011,0.792458930900103,0.13677215576171875
img_10_slice_121.npy,0.03012060547790493,96.9879394522095,0.0028582256484532146,99.71417743515468,25.439034879279532,0.796182101915642,0.13903403282165527
img_10_slice_124.npy,0.03026565338708123,96.97343466129188,0.002893247270263356,99.71067527297366,25.38614447955252,0.7951635982565867,0.13384079933166504
img_10_slice_126.npy,0.035030286028240154,96.496971397176,0.003754160425998849,99.62458395740012,24.254871726743453,0.7819480548366425,0.13661623001098633
img_10_slice_137.npy,0.03901953579511743,96.09804642048826,0.00457394191513988,99.542605808486,23.39709354835174,0.7759400016476575,0.13851499557495117
img_10_slice_140.npy,0.03908831633336422,96.09116836666358,0.004637258999708591,99.53627410002915,23.337386472564432,0.7551665569001619,0.13652372360229492
img_10_slice_142.npy,0.04924502006738222,95.07549799326178,0.00707172405479313,99.29282759452069,21.50474694236327,0.7478877162777728,0.13552284240722656
img_10_slice_143.npy,0.05029503914875203,94.97049608512481,0.007365543231913378,99.26344567680866,21.327952170600277,0.7447480091156458,0.13752365112304688
img_10_slice_148.npy,0.04639087944541468,95.36091205545854,0.006297325200117835,99.37026747998821,22.008438787211336,0.7537663686534023,0.13822293281555176
img_10_slice_152.npy,0.04406806517305939,95.59319348269406,0.005783550980685029,99.4216449019315,22.378054318581416,0.7608756371425099,0.13637685775756836
img_10_slice_158.npy,0.04220923128337486,95.77907687166251,0.005432034249851516,99.45679657501485,22.650375004222113,0.7662892668620703,0.13707280158996582
img_10_slice_163.npy,0.03970746111630108,96.0292538883699,0.004786052295655746,99.52139477043443,23.20022560300384,0.7756723157751151,0.09752607345581055
img_10_slice_167.npy,0.049439009579295284,95.05609904207047,0.007214955468534743,99.27850445314652,21.417663450735105,0.7519070330436585,0.09151697158813477
img_10_slice_168.npy,0.04890513181766484,95.1094868182335,0.007045130342234378,99.29548696577656,21.521109675809555,0.7533576888662491,0.09500646591186523
img_10_slice_170.npy,0.04582865925668452,95.41713407433154,0.0062748681019150826,99.37251318980849,22.023953986457276,0.7401271967189126,0.1175222396850586
img_10_slice_177.npy,0.043686051656274386,95.63139483437256,0.005612918277204428,99.43870817227956,22.50811280961788,0.7618516784375056,0.13871383666992188
img_10_slice_179.npy,0.04194345264299596,95.8056547357004,0.005268502203202675,99.47314977967974,22.783128339979633,0.7599078777952698,0.14351630210876465
img_10_slice_188.npy,0.03965978033481084,96.0340219665189,0.004689939637952366,99.53100603620476,23.288327468527,0.7751591113552871,0.13751626014709473
img_10_slice_189.npy,0.0397555844292935,96.02444155707065,0.00474400876302538,99.52559912369746,23.238545174241374,0.7695107655971112,0.13718795776367188
img_10_slice_192.npy,0.043744337784215104,95.6255662215785,0.0056289914154359156,99.4371008584564,22.49569413665549,0.7650108240787538,0.12652134895324707
img_10_slice_197.npy,0.04692858273887189,95.3071417261128,0.006433576816100239,99.35664231838997,21.91547509252647,0.7550778529200057,0.13970136642456055
img_10_slice_198.npy,0.04731428894400828,95.26857110559918,0.006559342125237693,99.34406578747624,21.831397163722674,0.7538679379850493,0.13175320625305176
img_10_slice_2.npy,0.024576098054738853,97.54239019452612,0.0015869271808073712,99.84130728191927,27.99443001221907,0.854306823665423,0.13903450965881348
img_10_slice_200.npy,0.04507713543473027,95.49228645652697,0.006089130335060091,99.39108696649399,22.154447299705062,0.7412192283244586,0.13559484481811523
img_10_slice_204.npy,0.039889271283678585,96.01107287163214,0.004849922497904271,99.51500775020958,23.14265201398034,0.7681054658073151,0.13851571083068848
img_10_slice_207.npy,0.038350505629527104,96.16494943704728,0.004485339824170456,99.55146601758295,23.482046477879628,0.7767307092732353,0.13791155815124512
img_10_slice_217.npy,0.04452811006452035,95.54718899354796,0.006075588708793753,99.39244112912063,22.164116336813954,0.7567123320007182,0.14052295684814453
img_10_slice_220.npy,0.04043469262864336,95.95653073713567,0.0051292065589189665,99.4870793441081,22.89949811054667,0.7495507148926364,0.14052224159240723
img_10_slice_222.npy,0.046827386851598735,95.31726131484012,0.006771676389099783,99.32283236109002,21.693038045185627,0.7501846520080607,0.1365211009979248
img_10_slice_24.npy,0.01396318094916767,98.60368190508323,0.0008123481803144253,99.91876518196857,30.9025778802607,0.8523825414291747,0.13552188873291016
img_10_slice_241.npy,0.03960985292731557,96.03901470726845,0.0048687550247219,99.5131244975278,23.12582076776353,0.7634526830162967,0.13559746742248535
img_10_slice_257.npy,0.055213049337845134,94.4786950662155,0.007947481551080063,99.20525184489199,20.99770471563353,0.7639933130208852,0.1365201473236084
img_10_slice_269.npy,0.042543987466375346,95.74560125336247,0.00442825546056114,99.55717445394389,23.537673331610108,0.7867491058599475,0.13351988792419434
img_10_slice_289.npy,0.015087756644229799,98.49122433557702,0.000992982100392052,99.9007017899608,30.030585800756405,0.8308588424000851,0.13251185417175293
img_10_slice_290.npy,0.016189531494866048,98.3810468505134,0.0011260859048484425,99.88739140951516,29.484284775321257,0.8121343305075568,0.13552045822143555
img_10_slice_305.npy,0.015144466932787754,98.48555330672123,0.0009418661099837098,99.90581338900164,30.260108295086347,0.8162035223758525,0.1317589282989502
img_10_slice_309.npy,0.01379496471936109,98.62050352806389,0.0007908834861043868,99.92091165138956,31.018874925694178,0.8385678602439804,0.13507580757141113
img_10_slice_48.npy,0.04611990351140582,95.38800964885942,0.005334230434858276,99.46657695651417,22.72928227036518,0.7969405270682869,0.16503190994262695
img_10_slice_6.npy,0.011894907361640358,98.81050926383597,0.0005990913642781895,99.94009086357218,32.22506940588838,0.868196074845306,0.13504409790039062
img_10_slice_60.npy,0.04877876282293082,95.12212371770691,0.0062157422373303305,99.37842577626697,22.065070037351646,0.7409433206329066,0.14252972602844238
img_10_slice_72.npy,0.0383359295725668,96.16640704274332,0.003916958144440138,99.60830418555598,24.07051069181214,0.7891898096683256,0.14504456520080566
img_10_slice_76.npy,0.03572811055002876,96.42718894499713,0.0035111613830065805,99.64888386169935,24.54549208660969,0.7875621392157719,0.13956809043884277
img_10_slice_78.npy,0.037899228859733285,96.21007711402667,0.0038947117803694907,99.61052882196306,24.095246758159455,0.7901278874972996,0.14052295684814453
img_10_slice_84.npy,0.04289335797712668,95.71066420228733,0.005022616727406354,99.49773832725937,22.990699613035783,0.7683850148932304,0.13352584838867188
img_10_slice_87.npy,0.03966703371213378,96.03329662878663,0.004317670468347167,99.56823295316528,23.647505068002218,0.78557245478208,0.1419069766998291
img_10_slice_90.npy,0.035332555516222434,96.46674444837777,0.0035770271667946133,99.64229728332053,24.464777614601477,0.7730039063917278,0.13550496101379395
img_10_slice_97.npy,0.032983995297048006,96.7016004702952,0.003152365693871876,99.6847634306128,25.013634074203367,0.8014397635284816,0.1355912685394287
img_11_slice_109.npy,0.018033328008783083,98.19666719912169,0.0010260481221014903,99.89739518778985,29.88832270147168,0.8584977183216008,0.1365201473236084
img_11_slice_114.npy,0.04824903648316793,95.17509635168321,0.005812950004560222,99.41870499954398,22.356034122641503,0.790478830849244,0.1376814842224121
img_11_slice_117.npy,0.04405631686852344,95.59436831314765,0.004792205020275691,99.52077949797243,23.19464610220217,0.8083383022832502,0.13852763175964355
img_11_slice_122.npy,0.04136529630763915,95.86347036923608,0.004223321582008891,99.57766784179911,23.743458482519575,0.8147244931039266,0.13763952255249023
img_11_slice_128.npy,0.041659916579146326,95.83400834208537,0.004435198009418693,99.55648019905813,23.53086986321936,0.8075130534820698,0.1365957260131836
img_11_slice_130.npy,0.04662346909820072,95.33765309017993,0.005531014912088289,99.44689850879116,22.57195170634265,0.7746137534371687,0.1394052505493164
img_11_slice_133.npy,0.04765156399455637,95.23484360054437,0.005601656582884927,99.4398343417115,22.51683519705545,0.7941364189900504,0.13603758811950684
img_11_slice_142.npy,0.045822731637466536,95.41772683625335,0.005115205908396492,99.48847940916035,22.91136879433642,0.8017164495398474,0.13585352897644043
img_11_slice_144.npy,0.051825536402104015,94.8174463597896,0.0065246437111414896,99.34753562888585,21.85443198703842,0.7808073470441331,0.1370224952697754
img_11_slice_167.npy,0.04296949913178813,95.70305008682118,0.00459595540470691,99.54040445952931,23.376241939923837,0.8147269926410451,0.13552236557006836
img_11_slice_172.npy,0.04754255877299048,95.24574412270096,0.005636807925248444,99.43631920747515,22.489667635523357,0.8058355924061714,0.13603782653808594
img_11_slice_177.npy,0.052014212539378796,94.79857874606212,0.00680252432057503,99.3197475679425,21.67329896843662,0.7920149653517806,0.13284087181091309
img_11_slice_187.npy,0.03689536999100951,96.31046300089905,0.0034867316444069083,99.6513268355593,24.575814767244243,0.8242955648546345,0.13562297821044922
img_11_slice_188.npy,0.037842461231729796,96.21575387682701,0.0036696114267786946,99.63303885732213,24.353799205272605,0.8223624795568679,0.13794541358947754
img_11_slice_190.npy,0.018636224883628778,98.13637751163712,0.0010840807760841738,99.89159192239158,29.64938356819176,0.8485029552349966,0.1380321979522705
img_11_slice_194.npy,0.03589744032268159,96.41025596773184,0.003307920983281272,99.66920790167187,24.804448730417338,0.8240871275996671,0.13525128364562988
img_11_slice_200.npy,0.0244989995606292,97.55010004393708,0.0016036242483842226,99.83963757516158,27.9489738540989,0.8423687025468762,0.1350557804107666
img_11_slice_211.npy,0.011849612449757416,98.81503875502425,0.0005544112427942401,99.94455887572057,32.5616797133638,0.8694811293085503,0.13989877700805664
img_11_slice_213.npy,0.011456652178109724,98.85433478218903,0.0005113817728058653,99.94886182271941,32.912547556035946,0.8756497574316401,0.13771510124206543
img_11_slice_222.npy,0.01125986768427745,98.87401323157225,0.000484594386590955,99.9515405613409,33.1462162091806,0.8776892027456573,0.1335456371307373
img_11_slice_229.npy,0.011895482093115346,98.81045179068848,0.0005189325384305285,99.94810674615695,32.84889097048789,0.8644339767925466,0.13557028770446777
img_11_slice_235.npy,0.012776656590906195,98.72233434090938,0.0005376651929374298,99.94623348070625,32.694880777213136,0.8428009597227366,0.13779950141906738
img_11_slice_244.npy,0.057631565163545,94.2368434836455,0.007111475798119634,99.28885242018804,21.48040263620297,0.7662442890043007,0.13820767402648926
img_11_slice_252.npy,0.05414615478108827,94.58538452189117,0.006252947441910429,99.37470525580896,22.039152216926258,0.7778898917173132,0.1380786895751953
img_11_slice_254.npy,0.043867926537998474,95.61320734620016,0.004138111706135347,99.58618882938647,23.831977899623638,0.7876356120008998,0.13527774810791016
img_11_slice_262.npy,0.011977416869753852,98.80225831302461,0.0004978921831188382,99.95021078168811,33.02864692071605,0.8599138791659255,0.13552308082580566
img_11_slice_276.npy,0.05181104657422431,94.81889534257758,0.005631130793587675,99.43688692064123,22.494043852369145,0.7691807007936423,0.13450884819030762
img_11_slice_287.npy,0.04598494233671839,95.40150576632817,0.004404814412893189,99.55951855871068,23.560723849033103,0.7982779619537568,0.13672447204589844
img_11_slice_288.npy,0.0486477721317134,95.13522278682865,0.004918429174050385,99.50815708259496,23.08173578120752,0.7918362911238132,0.13413739204406738
img_11_slice_289.npy,0.06038570454107014,93.96142954589298,0.007543628601140935,99.24563713988591,21.224197015599117,0.7537651224469749,0.1360335350036621
img_11_slice_290.npy,0.05562892844907135,94.43710715509287,0.006448195647309949,99.355180435269,21.905617938986754,0.7386993117656202,0.13360118865966797
img_11_slice_291.npy,0.05430310780461732,94.56968921953826,0.006137631898712127,99.38623681012879,22.119991617093284,0.7628916446337352,0.1287219524383545
img_11_slice_32.npy,0.041727250036826175,95.82727499631739,0.004666001278620985,99.5333998721379,23.31055146532844,0.819128689902072,0.13863539695739746
img_11_slice_39.npy,0.04572736367020821,95.42726363297918,0.005698959168084489,99.43010408319155,22.44204454649107,0.7930224127015647,0.13676214218139648
img_11_slice_48.npy,0.033594205082761765,96.64057949172383,0.003137979498064696,99.68620205019353,25.03349898195372,0.8345737062367738,0.13477635383605957
img_11_slice_52.npy,0.01156120706670919,98.84387929332908,0.0005612680464403318,99.94387319535598,32.50829681902288,0.8847181239410334,0.13704276084899902
img_11_slice_76.npy,0.011523402979847667,98.84765970201524,0.0005250253808840344,99.9474974619116,32.79819701334148,0.880579773570248,0.13813567161560059
img_11_slice_87.npy,0.011578800503814973,98.8421199496185,0.0005759107132395485,99.94240892867604,32.39644842537044,0.8825780981039315,0.13713812828063965
img_11_slice_90.npy,0.012515798161634516,98.74842018383654,0.000628623402673246,99.93713765973268,32.01609454908223,0.8654602911083069,0.13560175895690918
img_12_slice_107.npy,0.051261166114286195,94.87388338857137,0.010295302794234368,98.97046972057656,19.873608758617515,0.8146160237654224,0.13664579391479492
img_12_slice_114.npy,0.05335921983446613,94.66407801655339,0.011088340051146915,98.89116599488531,19.551334638224446,0.8115050919674107,0.13876104354858398
img_12_slice_125.npy,0.05040301347931418,94.95969865206858,0.010002836737174517,98.99971632628255,19.998768195405532,0.8144131481033372,0.13328766822814941
img_12_slice_130.npy,0.04517904712235178,95.48209528776482,0.008096691096595872,99.19033089034042,20.916924295274455,0.8250268154406313,0.1361541748046875
img_12_slice_134.npy,0.04467584103124114,95.53241589687589,0.007969240703010364,99.20307592969895,20.98583055542616,0.8279086904910935,0.1365187168121338
img_12_slice_151.npy,0.046087102154074105,95.39128978459259,0.008612018717999713,99.13879812820004,20.648950349197122,0.821579470096483,0.13951611518859863
img_12_slice_16.npy,0.05484810619385295,94.5151893806147,0.00982887973014521,99.01711202698547,20.07495979089701,0.863468250730074,0.13552069664001465
img_12_slice_165.npy,0.047755786177284196,95.22442138227159,0.009468383722014223,99.05316162779857,20.237241498793654,0.818763816352387,0.13985943794250488
img_12_slice_167.npy,0.04937245316187859,95.06275468381214,0.01012601277040333,98.98739872295967,19.945615292391047,0.815357520597356,0.13731145858764648
img_12_slice_170.npy,0.046241872071376235,95.37581279286238,0.008913828043268035,99.1086171956732,20.49935748147547,0.821439528599091,0.13620948791503906
img_12_slice_177.npy,0.05099451784040551,94.90054821595945,0.01091563546310332,98.90843645368966,19.619509763922295,0.8084259495483501,0.1375563144683838
img_12_slice_193.npy,0.04810539441343152,95.18946055865685,0.009475194430945025,99.0524805569055,20.234118695477346,0.8239950536891878,0.13819122314453125
img_12_slice_194.npy,0.04359911866785098,95.6400881332149,0.007776686646176023,99.22233133538239,21.092054001548615,0.8368448916067742,0.13667082786560059
img_12_slice_20.npy,0.05302703138647241,94.69729686135275,0.009306319702774358,99.06936802972255,20.312220320987077,0.8650359426985879,0.13663721084594727
img_12_slice_201.npy,0.04660698316412227,95.33930168358778,0.00899428744703636,99.10057125529636,20.460332369963524,0.8254521463743211,0.13820838928222656
img_12_slice_204.npy,0.043414906089122636,95.65850939108773,0.007809605170484481,99.21903948295156,21.073709221552686,0.8311199482973689,0.13656353950500488
img_12_slice_213.npy,0.040086285499974963,95.9913714500025,0.006727573559541514,99.32724264404584,21.721415449461006,0.8336636532043196,0.1376047134399414
img_12_slice_214.npy,0.04569848251595963,95.43015174840403,0.008776542297584011,99.1223457702416,20.566765497938842,0.8182570312217271,0.13718652725219727
img_12_slice_215.npy,0.0436690155979186,95.63309844020814,0.007993470278496012,99.2006529721504,20.97264635504079,0.822614150562302,0.13653111457824707
img_12_slice_219.npy,0.04837892197805844,95.16210780219416,0.009840654922694593,99.01593450773053,20.069759971126274,0.8101045326393863,0.13751578330993652
img_12_slice_22.npy,0.05276223504984094,94.72377649501591,0.00923261678917077,99.07673832108293,20.34675189978461,0.864007255007576,0.13907766342163086
img_12_slice_221.npy,0.04663899006196273,95.33610099380373,0.009168377999241606,99.08316220007583,20.37707489661083,0.8163950393014454,0.13763809204101562
img_12_slice_233.npy,0.042291281004882816,95.77087189951172,0.007601749140792064,99.2398250859208,21.1908646629926,0.8296436939983836,0.1376965045928955
img_12_slice_241.npy,0.040007292894252734,95.99927071057472,0.006928812385564532,99.30711876144355,21.59341198086013,0.8290810370012397,0.13907933235168457
img_12_slice_251.npy,0.03993645065923126,96.00635493407688,0.006838477291273101,99.31615227087269,21.65040590914055,0.8131507325209596,0.13661885261535645
img_12_slice_257.npy,0.03594916583581088,96.40508341641892,0.0054173378909785335,99.45826621090215,22.66214075690074,0.8441639069739433,0.136519193649292
img_12_slice_259.npy,0.04016302615406481,95.98369738459351,0.006811239494090954,99.31887605059092,21.667738489592743,0.8301300978758265,0.13806796073913574
img_12_slice_262.npy,0.04695075816241157,95.30492418375884,0.009327530048275086,99.06724699517248,20.30233343222106,0.8227002088575988,0.13451147079467773
img_12_slice_265.npy,0.04361319965058193,95.6386800349418,0.00792048224591429,99.20795177540857,21.01248375182793,0.8365303692151912,0.1375265121459961
img_12_slice_269.npy,0.041413727962878594,95.85862720371215,0.007024095728477106,99.2975904271523,21.534095782428896,0.8499971124835071,0.13504385948181152
img_12_slice_285.npy,0.05833485313322819,94.16651468667719,0.012352176245896629,98.76478237541033,19.0825652027305,0.8376571777783139,0.13861584663391113
img_12_slice_295.npy,0.05950236267436817,94.04976373256318,0.011836718219954254,98.81632817800458,19.267686909007647,0.8482103888462503,0.13463068008422852
img_12_slice_301.npy,0.05496905465228957,94.50309453477104,0.009706567592391448,99.02934324076085,20.129343168702786,0.8630240731083735,0.132645845413208
img_12_slice_308.npy,0.06719392828142622,93.28060717185738,0.014339747961865709,98.56602520381344,18.434584818434544,0.8497197389534975,0.1346299648284912
img_12_slice_31.npy,0.007460667538971069,99.25393324610289,0.00027996702800169894,99.97200329719983,35.52893112943855,0.9298244594277563,0.1351006031036377
img_12_slice_311.npy,0.060200716378155,93.9799283621845,0.011388711544890484,98.86112884551095,19.43525406789758,0.8652231628100584,0.1325066089630127
img_12_slice_312.npy,0.058697325201818897,94.1302674798181,0.010808908451321342,98.91910915486787,19.66218161504919,0.8681611656183883,0.13303780555725098
img_12_slice_322.npy,0.05739831249923974,94.26016875007602,0.010447328907847218,98.95526710921528,19.809947324108283,0.8781621538899094,0.137068510055542
img_12_slice_325.npy,0.06299299242828559,93.70070075717145,0.0127654409354194,98.72345590645806,18.939641794878373,0.8673116016424108,0.13678646087646484
img_12_slice_329.npy,0.06250548243593398,93.7494517564066,0.012664445525430647,98.73355544745694,18.974138197318787,0.8658665696225875,0.13251304626464844
img_12_slice_330.npy,0.06232602655209884,93.76739734479011,0.012634978326914749,98.73650216730853,18.984254986993022,0.8653519282546375,0.1344921588897705
img_12_slice_335.npy,0.05293177275618154,94.70682272438185,0.009167091249427953,99.0832908750572,20.377684456515727,0.8783628931223028,0.13406634330749512
img_12_slice_39.npy,0.007264655011054522,99.27353449889455,0.0002730544641298775,99.97269455358702,35.637507188496464,0.928659210626848,0.16852164268493652
img_12_slice_44.npy,0.0070856635199708735,99.29143364800291,0.00025735378258305526,99.9742646217417,35.894694441114005,0.9300124554983464,0.15453839302062988
img_12_slice_48.npy,0.0071028580108225174,99.28971419891775,0.0002762922556559832,99.97237077443441,35.58631287986161,0.9291338940043835,0.14805150032043457
img_12_slice_49.npy,0.007151596223905119,99.28484037760948,0.00027399380038798743,99.9726006199612,35.622592637772314,0.929028339200498,0.13924598693847656
img_12_slice_64.npy,0.04679500195011861,95.32049980498813,0.008246264525711795,99.17537354742882,20.837427379054674,0.8439499967955549,0.13796305656433105
img_12_slice_70.npy,0.0446322912708221,95.53677087291778,0.0076060459263083335,99.23939540736917,21.188410565891658,0.8486726584789389,0.13238525390625
img_12_slice_79.npy,0.04809567543963159,95.19043245603685,0.009049710187146587,99.09502898128534,20.433653286553902,0.8295800971815684,0.13354063034057617
img_12_slice_80.npy,0.04662524325412274,95.33747567458772,0.00848656581364265,99.15134341863575,20.712680164592214,0.8333320843098374,0.13317179679870605
img_12_slice_98.npy,0.054468634227571894,94.55313657724281,0.011690450186890562,98.83095498131095,19.3216876429429,0.8057054032196931,0.13992643356323242
img_13_slice_10.npy,0.07485704549743302,92.5142954502567,0.013192996407054437,98.68070035929456,18.796565558365636,0.8288378310378456,0.13511204719543457
img_13_slice_103.npy,0.06921448715394303,93.0785512846057,0.012639712564602413,98.73602874353976,18.982628020842068,0.7952123204513425,0.1347517967224121
img_13_slice_105.npy,0.07078334531473589,92.92166546852641,0.013195197628847277,98.68048023711528,18.79584100822856,0.7938147541720838,0.13606977462768555
img_13_slice_106.npy,0.06618222151074026,93.38177784892598,0.011573563488768267,98.84264365112317,19.365329016160008,0.8039239700871019,0.13750505447387695
img_13_slice_11.npy,0.07595183522233696,92.4048164777663,0.013527548335560087,98.64724516644398,18.68780905606098,0.8284905428532591,0.13580918312072754
img_13_slice_112.npy,0.06280366205567092,93.71963379443291,0.010410443304246453,98.95895566957536,19.825307766864977,0.8124413790176053,0.135512113571167
img_13_slice_117.npy,0.06846267333632727,93.15373266636728,0.01230107524733327,98.76989247526667,19.100569248554287,0.8025972829445295,0.14352035522460938
img_13_slice_119.npy,0.07621906536575888,92.37809346342412,0.015310566124638018,98.4689433875362,18.150087504996,0.7818344474819167,0.13852214813232422
img_13_slice_142.npy,0.05080835488707195,94.9191645112928,0.006744630277639626,99.32553697223604,21.71041852186566,0.8406769158211819,0.14104700088500977
img_13_slice_149.npy,0.06047008308517289,93.95299169148271,0.009570281600318996,99.0429718399681,20.19075283156766,0.8136288888721916,0.13611674308776855
img_13_slice_153.npy,0.07934586282653185,92.06541371734681,0.016608706742309822,98.33912932576901,17.796641831142242,0.7629519891011207,0.14352726936340332
img_13_slice_168.npy,0.06571904641314552,93.42809535868545,0.011498091095025073,98.85019089049749,19.393742549255634,0.8024016815878618,0.14123916625976562
img_13_slice_174.npy,0.07156013108216042,92.84398689178396,0.013566029661927988,98.6433970338072,18.675472376913444,0.7904176635872828,0.14489150047302246
img_13_slice_175.npy,0.07278709564654458,92.72129043534554,0.014045226891435567,98.59547731085644,18.524712406630048,0.7864340785359205,0.1405959129333496
img_13_slice_178.npy,0.06746477223748651,93.25352277625136,0.01214750794324949,98.78524920567506,19.155128082799145,0.7989445290733856,0.1390364170074463
img_13_slice_182.npy,0.07189041653963477,92.81095834603651,0.013851615063450845,98.61483849365491,18.58499586003754,0.7846440840679719,0.13651180267333984
img_13_slice_198.npy,0.06928955618424731,93.07104438157528,0.013013609784479335,98.69863902155207,18.856022198081046,0.7853653523947575,0.13651752471923828
img_13_slice_20.npy,0.08443498598787129,91.55650140121287,0.016404750330922948,98.35952496690771,17.850303748925374,0.8119928519349159,0.1368560791015625
img_13_slice_209.npy,0.07293641076621973,92.70635892337803,0.014285482478864284,98.57145175211357,18.451050871419397,0.7785437685746865,0.13620495796203613
img_13_slice_210.npy,0.07477078688222495,92.52292131177751,0.014958439937407432,98.50415600625925,18.25113698042736,0.7747603670014672,0.14156794548034668
img_13_slice_223.npy,0.07221267519817423,92.77873248018258,0.012751024228087417,98.72489757719126,18.944549290542522,0.7995921382702629,0.14068174362182617
img_13_slice_235.npy,0.07727639020744125,92.27236097925588,0.01323410211737696,98.6765897882623,18.783055185633454,0.8150506115814576,0.1375257968902588
img_13_slice_24.npy,0.08413898310971163,91.58610168902884,0.016288130815404884,98.37118691845951,17.881287513656616,0.8108273020813507,0.13804197311401367
img_13_slice_26.npy,0.08334307791662134,91.66569220833787,0.01600612336534964,98.39938766346503,17.957138401545343,0.8128150015195865,0.13254642486572266
img_13_slice_3.npy,0.07322232816957226,92.67776718304277,0.012971861484109707,98.70281385158903,18.86997697449573,0.8250006370318032,0.13578581809997559
img_13_slice_35.npy,0.07990773103605639,92.00922689639435,0.014984772378779187,98.50152276212208,18.243498496746906,0.8146313906480417,0.133514404296875
img_13_slice_39.npy,0.0815733854847405,91.84266145152596,0.015680456660734667,98.43195433392653,18.04641293542573,0.8072941512054871,0.13972091674804688
img_13_slice_44.npy,0.07840698837434308,92.15930116256568,0.015044055667409703,98.49559443325903,18.226350682299547,0.8112314227898351,0.13652920722961426
img_13_slice_47.npy,0.07449046834559718,92.55095316544029,0.01363607793363113,98.63639220663688,18.65310525333346,0.8188408412384273,0.13558173179626465
img_13_slice_5.npy,0.07263191303361727,92.73680869663828,0.01267817152951731,98.73218284704826,18.96943376730401,0.8279414035305914,0.13404154777526855
img_13_slice_72.npy,0.06559538217999125,93.44046178200087,0.010980763726155397,98.90192362738446,19.59367453099019,0.8182401832212137,0.13552117347717285
img_13_slice_74.npy,0.06537808707163587,93.46219129283642,0.010931457382938775,98.90685426170613,19.61321934008661,0.8186222236119952,0.13604378700256348
img_13_slice_83.npy,0.06549574288593978,93.45042571140603,0.011080738898748948,98.89192611012511,19.554312785110355,0.8140760889297979,0.13608574867248535
img_13_slice_98.npy,0.07151186142608307,92.8488138573917,0.013347312952297989,98.6652687047702,18.746061565801142,0.7907994293187979,0.13451719284057617
img_1_slice_103.npy,0.02097680164248782,97.90231983575121,0.001792857506836291,99.82071424931637,27.464542260283686,0.8526873689137017,0.13451910018920898
img_1_slice_109.npy,0.026887201549969177,97.31127984500309,0.0029077844865510716,99.7092215513449,25.36437784804077,0.8290532528255083,0.13455891609191895
img_1_slice_116.npy,0.02718075346427019,97.28192465357299,0.002941764217444363,99.70582357825556,25.313921389390046,0.8277217701087894,0.13574838638305664
img_1_slice_119.npy,0.029355292761424623,97.06447072385754,0.003393413676939972,99.660658632306,24.69363194094576,0.8243057001967607,0.13819575309753418
img_1_slice_12.npy,0.04827627608741704,95.17237239125829,0.006736836907585888,99.32631630924142,21.715439663764073,0.7999507618652955,0.13358712196350098
img_1_slice_121.npy,0.03119071266178991,96.88092873382101,0.003795806001611917,99.62041939983881,24.20695991867089,0.8203677162561782,0.13551568984985352
img_1_slice_125.npy,0.034323526098947434,96.56764739010526,0.0045737356440437435,99.54262643559562,23.397289406586278,0.8036193251595402,0.13651680946350098
img_1_slice_126.npy,0.03459522396709864,96.54047760329013,0.004612522402138611,99.53874775978613,23.36061511542573,0.8120433635266274,0.13518452644348145
img_1_slice_135.npy,0.034564736014238776,96.54352639857612,0.004833109027101427,99.51668909728986,23.157734077714327,0.8031185978205042,0.13697052001953125
img_1_slice_136.npy,0.038469932641833064,96.15300673581669,0.005924203020323665,99.40757969796763,22.273700667788713,0.7995071268358,0.13652300834655762
img_1_slice_141.npy,0.037424093184422545,96.25759068155774,0.005556881816502127,99.44431181834979,22.551688396707625,0.8004378752051144,0.13656306266784668
img_1_slice_143.npy,0.03911814420447538,96.08818557955246,0.006061877165779177,99.39381228342208,22.173928681605407,0.7997686644521869,0.13869190216064453
img_1_slice_146.npy,0.02767145973036066,97.23285402696393,0.0030631612437885198,99.69368387562115,25.13830141474702,0.8286606658934327,0.1365189552307129
img_1_slice_148.npy,0.028258699535958026,97.1741300464042,0.0031887028738757993,99.68112971261242,24.96385946811611,0.8330798988898934,0.13708972930908203
img_1_slice_149.npy,0.02581343056247046,97.41865694375295,0.0026978788365431207,99.73021211634568,25.68977558667942,0.8372775337244884,0.13730764389038086
img_1_slice_157.npy,0.037552081904309385,96.24479180956907,0.0058262116912909745,99.4173788308709,22.346137396380982,0.8099772327213736,0.13265299797058105
img_1_slice_173.npy,0.037277465895574353,96.27225341044256,0.005761722976093705,99.42382770239064,22.394476264523547,0.805174313288711,0.1355297565460205
img_1_slice_178.npy,0.036833481796368736,96.31665182036313,0.005597075413592382,99.44029245864077,22.520388414787647,0.8081742320986487,0.13506007194519043
img_1_slice_183.npy,0.0397205612068448,96.02794387931553,0.006543256198597138,99.34567438014028,21.84206074740809,0.801710791828181,0.1362297534942627
img_1_slice_185.npy,0.031275188999845764,96.87248110001543,0.004111954427071023,99.5888045572929,23.859517072864325,0.8167752216206614,0.13913393020629883
img_1_slice_191.npy,0.033240273559112535,96.67597264408874,0.004637105503382224,99.53628944966178,23.33753022927686,0.8162013868025809,0.14019513130187988
img_1_slice_195.npy,0.027723927073347573,97.22760729266524,0.003220653887735204,99.67793461122648,24.920559447622157,0.8219063814393694,0.13317036628723145
img_1_slice_196.npy,0.03004710154757807,96.9952898452422,0.0037301889685323187,99.62698110314678,24.282691666063116,0.822080488444517,0.13408923149108887
img_1_slice_197.npy,0.03291003854060609,96.7089961459394,0.004440175152084056,99.5559824847916,23.525998978846467,0.8174827797852675,0.135512113571167
img_1_slice_198.npy,0.034369185311805765,96.56308146881942,0.004836644000525859,99.51633559994741,23.15455877527194,0.813783007078757,0.1365070343017578
img_1_slice_199.npy,0.03188238939907608,96.8117610600924,0.004175381872168833,99.58246181278312,23.793037986494667,0.8180068648751261,0.13765168190002441
img_1_slice_203.npy,0.03191069636251513,96.80893036374849,0.004173774220866523,99.58262257791336,23.794710476720663,0.8246060509595876,0.13400936126708984
img_1_slice_205.npy,0.03278810863177795,96.7211891368222,0.00445987621088965,99.55401237891104,23.50677195474772,0.8116380059725481,0.13318514823913574
img_1_slice_208.npy,0.03915792347933907,96.08420765206608,0.006332670508945161,99.36673294910548,21.984131078781854,0.801799267101176,0.13721537590026855
img_1_slice_209.npy,0.03583310642664728,96.41668935733527,0.005326303964975454,99.46736960350245,22.735740525901615,0.8063168672432671,0.13463234901428223
img_1_slice_232.npy,0.03281267240068499,96.7187327599315,0.0045943400936702935,99.54056599063297,23.377768595246526,0.8185795178112143,0.1330578327178955
img_1_slice_236.npy,0.02989413284860181,97.01058671513982,0.0038459822823090155,99.6154017717691,24.149927208029865,0.8227670752416376,0.1317579746246338
img_1_slice_237.npy,0.02891298964235228,97.10870103576478,0.0035870587458611924,99.64129412541388,24.452615107524043,0.8284701849737081,0.13366460800170898
img_1_slice_256.npy,0.02210809267670489,97.78919073232952,0.002126446827933602,99.78735531720663,26.723454724015163,0.8556146489231593,0.13419842720031738
img_1_slice_263.npy,0.03140038704024619,96.85996129597538,0.0039455137942599255,99.60544862057401,24.03896433903863,0.8511306612417012,0.13903260231018066
img_1_slice_265.npy,0.025061875098643237,97.49381249013568,0.0025226874657268365,99.74773125342732,25.98136550638893,0.860071769335063,0.13411378860473633
img_1_slice_271.npy,0.029899930494779455,97.01000695052205,0.0032720170924466913,99.67279829075532,24.85184436316151,0.8653054407743306,0.13551783561706543
img_1_slice_278.npy,0.028713648692865728,97.12863513071342,0.002765872723209776,99.72341272767902,25.581678086372122,0.8725278117568969,0.13569235801696777
img_1_slice_283.npy,0.04081783582773781,95.91821641722622,0.005291898881716229,99.47081011182838,22.763884629600142,0.8500287094081236,0.1356678009033203
img_1_slice_303.npy,0.06241898466826579,93.75810153317342,0.011324259092278645,98.86757409077214,19.45990202795129,0.8146921816622654,0.13251638412475586
img_1_slice_314.npy,0.05189376020676149,94.81062397932385,0.007833216673430326,99.21667833265697,21.06059860336787,0.8330736069162036,0.13552117347717285
img_1_slice_322.npy,0.05168244732356873,94.83175526764313,0.00782953676457594,99.2170463235424,21.062639322638713,0.8446092598975758,0.13104915618896484
img_1_slice_324.npy,0.05005570915115568,94.99442908488443,0.007390772639075135,99.26092273609248,21.31310157634038,0.8429086361716585,0.13330507278442383
img_1_slice_325.npy,0.04081796844560519,95.91820315543949,0.004920033124808034,99.5079966875192,23.0803197327473,0.8496435262976502,0.13506388664245605
img_1_slice_328.npy,0.039138992079480794,96.08610079205192,0.004529145485955979,99.5470854514044,23.439837286142243,0.8692535155837428,0.13150763511657715
img_1_slice_38.npy,0.0491959795471477,95.08040204528523,0.0076953869669712845,99.23046130330287,21.137695365349323,0.814503881053886,0.1315135955810547
img_1_slice_48.npy,0.041266250860595,95.8733749139405,0.005600719292698744,99.43992807073012,22.517561935671033,0.8291695936070448,0.13351225852966309
img_1_slice_51.npy,0.03461582200800283,96.53841779919972,0.004026644719568421,99.59733552804316,23.950566875362806,0.8376990268617658,0.1318833827972412
img_1_slice_61.npy,0.034334902756658424,96.56650972433415,0.004175231407609766,99.58247685923902,23.793194492192015,0.8269307610388098,0.13506102561950684
img_1_slice_64.npy,0.03535333895612995,96.464666104387,0.004432032805592481,99.55679671944075,23.53397033650777,0.8238274174638089,0.1356182098388672
img_1_slice_79.npy,0.02114493466661803,97.8855065333382,0.0017182467181851458,99.82817532818149,27.64914476911376,0.8552269037807643,0.13207077980041504
img_1_slice_82.npy,0.02843111219797147,97.15688878020285,0.0030009681283273107,99.69990318716727,25.227386169593796,0.8403692874587634,0.13712000846862793
img_1_slice_87.npy,0.03167446865887965,96.83255313411203,0.003780340157447829,99.62196598425521,24.22469120306685,0.8300019561595936,0.13363933563232422
img_1_slice_88.npy,0.03193813845253122,96.80618615474688,0.003852772609489301,99.61472273905106,24.14226622276441,0.8296890893365652,0.13475537300109863
img_1_slice_90.npy,0.03046025630676102,96.9539743693239,0.0035841622531632665,99.64158377468367,24.45612338279309,0.8222226878285944,0.13618826866149902
img_2_slice_100.npy,0.08013837363447036,91.98616263655296,0.01782300027851388,98.21769997214861,17.490191861170803,0.7766900988478261,0.13440346717834473
img_2_slice_107.npy,0.07283344920106281,92.71665507989371,0.014701031446970499,98.52989685530295,18.326521934142182,0.7946549796774326,0.13311433792114258
img_2_slice_11.npy,0.07774190645227586,92.22580935477241,0.015763773317442102,98.42362266825579,18.023398189023407,0.8196398319109536,0.1375257968902588
img_2_slice_119.npy,0.07351459491648092,92.6485405083519,0.014909239852982575,98.50907601470175,18.26544498469925,0.788394011212751,0.13663697242736816
img_2_slice_133.npy,0.06782670035919393,93.2173299640806,0.012721680572744974,98.7278319427255,18.954555132741724,0.8003193554712218,0.1354846954345703
img_2_slice_15.npy,0.07848221163128687,92.15177883687132,0.016150229195584617,98.38497708044154,17.918213100095734,0.816173609375099,0.133528470993042
img_2_slice_160.npy,0.06729380473428452,93.27061952657155,0.01324400138768498,98.6755998612315,18.779807824152957,0.8057189699377013,0.13555455207824707
img_2_slice_163.npy,0.06360411957226356,93.63958804277365,0.0118677160971048,98.81322839028952,19.25632851547608,0.8116453402050167,0.13527703285217285
img_2_slice_165.npy,0.06644105829193515,93.35589417080648,0.012955700890351723,98.70442991096483,18.875390871491444,0.8051114706921811,0.1336359977722168
img_2_slice_170.npy,0.05966370731434414,94.03362926856559,0.010423835715660405,98.95761642843397,19.819724419179185,0.821437243005055,0.13771343231201172
img_2_slice_177.npy,0.07567048346449665,92.43295165355033,0.016738676737231638,98.32613232627683,17.76278877790397,0.7841956273547069,0.13530707359313965
img_2_slice_186.npy,0.06570806631910232,93.42919336808977,0.012398326462197158,98.76016735378028,19.066369323606242,0.816236826883241,0.13753509521484375
img_2_slice_189.npy,0.06616085880932056,93.38391411906795,0.012261152195244332,98.77388478047557,19.114687167242323,0.8178752073150483,0.13606643676757812
img_2_slice_193.npy,0.07146462705570193,92.85353729442981,0.013823979043742293,98.61760209562577,18.59366933227015,0.8183737455250539,0.13750386238098145
img_2_slice_197.npy,0.07261562876045338,92.73843712395467,0.013987234268684165,98.60127657313159,18.54268151168893,0.8218559241628496,0.13646936416625977
img_2_slice_201.npy,0.08239634255180098,91.76036574481991,0.017786513035210602,98.22134869647894,17.499091850245378,0.7994581157890445,0.13683819770812988
img_2_slice_209.npy,0.07743618473916351,92.25638152608366,0.01520524754637882,98.47947524536211,18.18006505006781,0.818410820974972,0.13664698600769043
img_2_slice_212.npy,0.07518618080215496,92.4813819197845,0.01423557073983655,98.57644292601636,18.466251162098466,0.8221772784390465,0.13799309730529785
img_2_slice_214.npy,0.0854276966612857,91.45723033387144,0.018328011317523527,98.16719886824765,17.368846556422895,0.8035793773624285,0.13616299629211426
img_2_slice_217.npy,0.08170417356165294,91.82958264383471,0.016648035928787958,98.3351964071212,17.78636995527237,0.8114615276880873,0.13733720779418945
img_2_slice_222.npy,0.07362080875548294,92.63791912445171,0.013312602761390806,98.66873972386092,18.757370268391412,0.8337513124596561,0.13720440864562988
img_2_slice_225.npy,0.07840042522811666,92.15995747718834,0.014925641392424492,98.50743586075755,18.260669970692437,0.8297075573791044,0.1375720500946045
img_2_slice_228.npy,0.07431893679010274,92.56810632098973,0.013322010006646002,98.6677989993354,18.75430244464664,0.8370246183937378,0.1373119354248047
img_2_slice_231.npy,0.08785335535775954,91.21466446422404,0.018556496920708286,98.14435030792917,17.31504006112754,0.8092933689958394,0.13520455360412598
img_2_slice_234.npy,0.1035225876902567,89.64774123097433,0.025702315565513164,97.42976844344868,15.900277485743981,0.7864512637756895,0.13663029670715332
img_2_slice_235.npy,0.10586152376414926,89.41384762358507,0.026832633262183863,97.3167366737816,15.713367050724148,0.7829087602589183,0.1345679759979248
img_2_slice_24.npy,0.06683118359869775,93.31688164013022,0.01205492149586077,98.79450785041392,19.188356134927066,0.8337265875753367,0.13755249977111816
img_2_slice_240.npy,0.09152714823894621,90.84728517610537,0.019804136489408698,98.01958635105913,17.032440891880203,0.8088461912394286,0.13704490661621094
img_2_slice_255.npy,0.0883031249693487,91.16968750306513,0.018492062086595398,98.15079379134046,17.330146570995993,0.8228178870467516,0.13355016708374023
img_2_slice_264.npy,0.08747317818278522,91.25268218172148,0.018274925168128554,98.17250748318715,17.38144392708563,0.8187025606805952,0.13550519943237305
img_2_slice_265.npy,0.09031446029963834,90.96855397003617,0.01954244713532289,98.04575528646771,17.090210541882225,0.8181302206332741,0.13753199577331543
img_2_slice_27.npy,0.06655083411510793,93.3449165884892,0.012097754065175024,98.7902245934825,19.172952484964675,0.8308363845825064,0.13468003273010254
img_2_slice_29.npy,0.06440582046937106,93.55941795306289,0.011370278225359604,98.86297217746403,19.44228908200564,0.8330435638237117,0.13449358940124512
img_2_slice_3.npy,0.07533255904993354,92.46674409500665,0.014583698993907232,98.54163010060928,18.361323080553685,0.8339653034375176,0.13401389122009277
img_2_slice_34.npy,0.060606491467437386,93.93935085325626,0.010086570204186898,98.9913429795813,19.962564843692093,0.838646929955874,0.13756966590881348
img_2_slice_36.npy,0.059402291775007665,94.05977082249923,0.009694515034999235,99.03054849650007,20.134739114838524,0.8419578310169831,0.13848519325256348
img_2_slice_4.npy,0.07412897559959977,92.58710244004003,0.014133254897412302,98.58667451025876,18.49757808342652,0.835440533290219,0.13511180877685547
img_2_slice_40.npy,0.059775591603453145,94.02244083965469,0.009870687937594769,99.01293120624052,20.056525781216745,0.8389151247490069,0.13506460189819336
img_2_slice_46.npy,0.06090749767923404,93.90925023207659,0.01025521075782171,98.97447892421782,19.89055409891574,0.8353217142160971,0.1383051872253418
img_2_slice_5.npy,0.07539678980446723,92.46032101955328,0.014659597668132672,98.53404023318674,18.338779487199652,0.8302183890880586,0.1370537281036377
img_2_slice_51.npy,0.06433801247569298,93.56619875243071,0.011492917575647054,98.85070824243529,19.395697079383474,0.8209279547301627,0.1386582851409912
img_2_slice_52.npy,0.061691203331721886,93.83087966682781,0.010566859752957016,98.94331402470429,19.760540566459856,0.8277971134872132,0.13999342918395996
img_2_slice_60.npy,0.06660327156412334,93.33967284358766,0.012206517104179507,98.77934828958205,19.134082359905335,0.8190006298747479,0.13655495643615723
img_2_slice_74.npy,0.0737059937476333,92.62940062523667,0.014842506953976016,98.5157493046024,18.284927389272397,0.7976025327115709,0.1377701759338379
img_2_slice_83.npy,0.07222633163713951,92.77736683628605,0.014324305398285952,98.5675694601714,18.439264282789228,0.798187382189617,0.13509774208068848
img_2_slice_86.npy,0.08148861846090337,91.85113815390966,0.01826274003496459,98.17372599650353,17.384340629029303,0.7753536549801128,0.13608384132385254
img_2_slice_90.npy,0.07652376489069836,92.34762351093016,0.01612152700777309,98.38784729922268,17.925938248360534,0.7861875940979517,0.13819527626037598
img_3_slice_0.npy,0.05416207557239661,94.58379244276034,0.0074765684268269066,99.25234315731731,21.262976875968747,0.678061306735354,0.13462018966674805
img_3_slice_107.npy,0.04107842549244753,95.89215745075525,0.005051321257069701,99.49486787429302,22.965950100788394,0.7210185207598113,0.13703227043151855
img_3_slice_109.npy,0.047389495960228116,95.2610504039772,0.006694282317746474,99.33057176822535,21.7429597610522,0.6989459874147528,0.1335148811340332
img_3_slice_11.npy,0.05337590218492763,94.66240978150724,0.0076928247701635085,99.23071752298365,21.139141599602482,0.7054381166394748,0.13253045082092285
img_3_slice_127.npy,0.045174325222897695,95.48256747771023,0.006135582766286522,99.38644172337135,22.121441810767376,0.7037736387243595,0.13555145263671875
img_3_slice_137.npy,0.03828672321973501,96.1713276780265,0.004284984887233378,99.57150151127667,23.680507054567048,0.7300656131692376,0.1345205307006836
img_3_slice_142.npy,0.0410940705692777,95.89059294307222,0.004940528275230448,99.50594717247697,23.062266108433334,0.7078568303286774,0.13503122329711914
img_3_slice_156.npy,0.046941357219706575,95.30586427802933,0.006606811521316714,99.33931884786833,21.80008082539295,0.7016718567243505,0.1375269889831543
img_3_slice_162.npy,0.03689730796644701,96.3102692033553,0.00414099935956885,99.58590006404312,23.828948366639434,0.7615094419950273,0.13609671592712402
img_3_slice_179.npy,0.036520182041097686,96.34798179589023,0.004110440939288407,99.58895590607116,23.86111587557462,0.7628604187079004,0.14165091514587402
img_3_slice_181.npy,0.03881837846454842,96.11816215354516,0.004567184154015535,99.54328158459845,23.40351476796686,0.7581015514776442,0.13994789123535156
img_3_slice_187.npy,0.05171558171772559,94.82844182822744,0.007593651688947975,99.2406348311052,21.195493272695817,0.7101564694221927,0.13591980934143066
img_3_slice_190.npy,0.027097239980178302,97.29027600198216,0.0020645444110015273,99.79354555889984,26.85175770456778,0.8105979658822612,0.13827013969421387
img_3_slice_194.npy,0.05500771346899149,94.49922865310086,0.008383885304258279,99.16161146957417,20.765546716853066,0.7050801451415507,0.1363239288330078
img_3_slice_195.npy,0.039701902459773446,96.02980975402265,0.004338910967580627,99.56610890324194,23.626192612985708,0.7701942728740822,0.13750815391540527
img_3_slice_197.npy,0.048873466133527305,95.11265338664727,0.006625767145527495,99.33742328544724,21.78763830933605,0.7373172097919621,0.13457393646240234
img_3_slice_207.npy,0.048543018974581596,95.14569810254184,0.006134369868229557,99.38656301317704,22.122300420332802,0.7280713860797229,0.13852667808532715
img_3_slice_220.npy,0.04867338020503392,95.13266197949662,0.005708682589678821,99.42913174103212,22.434641036710584,0.7333303956466706,0.13912487030029297
img_3_slice_221.npy,0.05469343974375698,94.53065602562431,0.007151781894650775,99.28482181053492,21.45585738534563,0.7139367408155854,0.13848590850830078
img_3_slice_28.npy,0.04316750799854725,95.68324920014527,0.005401950606628688,99.45980493933713,22.674493911531357,0.7404851437621631,0.1370410919189453
img_3_slice_35.npy,0.048094771137666886,95.19052288623331,0.006768140656488974,99.3231859343511,21.695306243038072,0.7096949165676979,0.1365664005279541
img_3_slice_39.npy,0.0434043620778628,95.65956379221372,0.005623018386032644,99.43769816139674,22.500304964408965,0.7384980021266004,0.13732695579528809
img_3_slice_41.npy,0.040104728320738595,95.98952716792614,0.00483143974331758,99.51685602566825,23.159234325186787,0.7544849413428703,0.13908004760742188
img_3_slice_44.npy,0.044411160743620254,95.55888392563797,0.005927301068439557,99.40726989315604,22.27143012858631,0.7310625479976852,0.13491153717041016
img_3_slice_5.npy,0.059164442815843106,94.0835557184157,0.009215429891702796,99.07845701082972,20.35484400516575,0.6763247287096412,0.14179325103759766
img_3_slice_58.npy,0.04591328827130491,95.4086711728695,0.0063252518824618445,99.36747481175382,21.989221754509323,0.7118267986281976,0.14362382888793945
img_3_slice_61.npy,0.04127406943328916,95.87259305667108,0.005225291690296343,99.47747083097036,22.818894610159013,0.7317306978966981,0.13356351852416992
img_3_slice_73.npy,0.04554154372470769,95.44584562752924,0.006161010551439006,99.3838989448561,22.10348047426715,0.7197235216948743,0.13453173637390137
img_3_slice_80.npy,0.046331710990037744,95.36682890099623,0.0064145183731442994,99.35854816268557,21.928359465748105,0.7181736653595008,0.13653182983398438
img_3_slice_82.npy,0.03952662267587865,96.04733773241213,0.004633479394616108,99.53665206053839,23.340927639743498,0.7429588985537282,0.1384449005126953
img_3_slice_90.npy,0.04830885392379354,95.16911460762064,0.007092718781372104,99.2907281218628,21.49187259116571,0.6974438017017831,0.13537240028381348
img_3_slice_94.npy,0.043897277233807784,95.61027227661923,0.005886360782704764,99.41136392172952,22.301531229472463,0.7142250631283693,0.13838601112365723
img_3_slice_97.npy,0.047030802311594205,95.29691976884058,0.0068272985419214624,99.31727014580785,21.657511060432533,0.7036012342222845,0.13852381706237793
img_4_slice_1.npy,0.04359071285980602,95.6409287140194,0.0049989273852893935,99.50010726147106,23.011231717885515,0.7502426244978497,0.1355283260345459
img_4_slice_102.npy,0.02712440413027004,97.28755958697299,0.0023720671721012645,99.76279328278987,26.248730168002453,0.8043268192802694,0.13870954513549805
img_4_slice_104.npy,0.03548189704154868,96.45181029584514,0.004020523820248665,99.59794761797514,23.957173604918314,0.7766293244156233,0.13230466842651367
img_4_slice_107.npy,0.023693515580518913,97.63064844194811,0.0017906446465475007,99.82093553534524,27.469905913456827,0.8188506280069855,0.13756418228149414
img_4_slice_127.npy,0.048320491936506865,95.16795080634931,0.007204536370696314,99.27954636293038,21.423939618488586,0.7263805604157111,0.13802313804626465
img_4_slice_132.npy,0.035051793279580794,96.49482067204193,0.003667701155198879,99.63322988448012,24.35606057935344,0.771980587628567,0.13164329528808594
img_4_slice_136.npy,0.04103036348795174,95.89696365120483,0.004938164404359205,99.50618355956408,23.064344553685565,0.7369500313745042,0.13176751136779785
img_4_slice_155.npy,0.041403991429433136,95.85960085705668,0.005031416556528043,99.49685834434719,22.983097254664347,0.7458926250769032,0.13804388046264648
img_4_slice_165.npy,0.044051090170079334,95.59489098299207,0.005895808298408111,99.41041917015919,22.294566459592197,0.7604580336592656,0.13720011711120605
img_4_slice_177.npy,0.04353296040841353,95.64670395915866,0.005651046536426089,99.4348953463574,22.478711162678703,0.7544951001058482,0.13408637046813965
img_4_slice_187.npy,0.03530725743609352,96.46927425639065,0.003717551685488057,99.6282448314512,24.297429847249816,0.8021181006445328,0.13265514373779297
img_4_slice_188.npy,0.02993240552919683,97.00675944708031,0.0026871038444574355,99.73128961555425,25.707155497174114,0.8270937508914609,0.13391327857971191
img_4_slice_189.npy,0.03465981617235149,96.53401838276486,0.003560800435160488,99.64391995648396,24.48452365651004,0.7942657734065346,0.1338517665863037
img_4_slice_192.npy,0.03242201891595845,96.75779810840416,0.0031468182883875847,99.68531817116124,25.021283345030557,0.8118218056000467,0.1288621425628662
img_4_slice_199.npy,0.038759242982985935,96.1240757017014,0.004644317675190864,99.53556823248091,23.33078081813766,0.7854300865456519,0.13676667213439941
img_4_slice_2.npy,0.03954720338723932,96.04527966127607,0.004118022456967205,99.58819775430328,23.85311289357049,0.747412341330496,0.1324312686920166
img_4_slice_21.npy,0.03209359260230963,96.79064073976905,0.00274757500428924,99.72524249957108,25.610504432159097,0.7394468998393341,0.13414740562438965
img_4_slice_220.npy,0.04033094511412465,95.96690548858754,0.00505459247872994,99.49454075212701,22.963138532031955,0.7932294146062929,0.13855719566345215
img_4_slice_223.npy,0.03698111610507087,96.30188838949292,0.0042181114862582005,99.57818885137418,23.74881945879869,0.8057639565125876,0.13178062438964844
img_4_slice_229.npy,0.046053089125935434,95.39469108740646,0.00633922696648464,99.36607730335155,21.979636986890977,0.7598585297442926,0.13280487060546875
img_4_slice_232.npy,0.03843546992259635,96.15645300774037,0.004335232494107987,99.5664767505892,23.62987606792006,0.7948333644473453,0.13521814346313477
img_4_slice_24.npy,0.035853631924202996,96.4146368075797,0.0035268166941943456,99.64731833058057,24.526171121410407,0.7525456148091023,0.13168883323669434
img_4_slice_243.npy,0.034815819403215105,96.5184180596785,0.003382093183675977,99.6617906816324,24.708144308604616,0.7978021600429558,0.13625264167785645
img_4_slice_245.npy,0.048182656624656844,95.18173433753432,0.006328510085439273,99.36714899145608,21.986985234478556,0.7404128883567795,0.13677310943603516
img_4_slice_246.npy,0.047435861085973446,95.25641389140266,0.006109107448166712,99.38908925518332,22.140222363452335,0.7571030131602662,0.13620328903198242
img_4_slice_247.npy,0.029291166246172787,97.07088337538272,0.002279835296726597,99.77201647032734,26.420965268181895,0.8113961994858075,0.13436317443847656
img_4_slice_254.npy,0.047203035897677964,95.2796964102322,0.005823258090031859,99.41767419099682,22.348339612928413,0.7434791198540724,0.14060568809509277
img_4_slice_257.npy,0.05009052288839374,94.99094771116063,0.006639477682587119,99.33605223174129,21.77866084561582,0.7410617445124535,0.13489627838134766
img_4_slice_259.npy,0.04237872577267188,95.76212742273282,0.004734789696140833,99.52652103038592,23.24699306171564,0.7613526620834328,0.13794565200805664
img_4_slice_260.npy,0.042915137301399384,95.70848626986006,0.004899586686057264,99.51004133139428,23.098405541623926,0.7784456537059642,0.13547348976135254
img_4_slice_266.npy,0.03332506316476858,96.66749368352315,0.0028636762536533725,99.71363237463467,25.430760817549828,0.7873881900259646,0.1371452808380127
img_4_slice_28.npy,0.034682484688250116,96.53175153117499,0.0033546157562514955,99.66453842437485,24.743572175207404,0.7531694051054737,0.13159799575805664
img_4_slice_281.npy,0.042434076882819825,95.75659231171801,0.004654428265813365,99.53455717341866,23.321336586680246,0.7655648607182216,0.1407146453857422
img_4_slice_283.npy,0.03654987274742644,96.34501272525735,0.00342849897570185,99.65715010242981,24.648959759483805,0.7805316461985531,0.1349480152130127
img_4_slice_286.npy,0.05896594507958109,94.10340549204189,0.008937532442480921,99.1062467557519,20.48782368736052,0.7042703375260486,0.14635992050170898
img_4_slice_290.npy,0.027129020453144314,97.28709795468556,0.0018278852010393451,99.81721147989606,27.380510832852888,0.803471530471038,0.13606500625610352
img_4_slice_291.npy,0.01979244277285795,98.0207557227142,0.000999654996101131,99.90003450038989,30.00149859141995,0.8287231569163918,0.13832402229309082
img_4_slice_34.npy,0.042768225270051655,95.72317747299483,0.005078816193593701,99.49211838064062,22.942375043504654,0.7494867956433919,0.13558244705200195
img_4_slice_39.npy,0.04427640742850438,95.57235925714956,0.005319845023708934,99.4680154976291,22.74101019270438,0.7384898812919526,0.13757848739624023
img_4_slice_50.npy,0.015401181988911467,98.45988180110885,0.0008009626467970055,99.9199037353203,30.963877369347415,0.8529527550506611,0.1344010829925537
img_4_slice_51.npy,0.014126813018407743,98.58731869815922,0.0006912394530998743,99.93087605469,31.60371482082138,0.8518939717957477,0.13275647163391113
img_4_slice_53.npy,0.01375260016965419,98.62473998303459,0.0006640164473148394,99.93359835526851,31.778211632681085,0.8576976969749216,0.138777494430542
img_4_slice_58.npy,0.03446326573629455,96.55367342637055,0.00360801108335582,99.63919889166442,24.427321370300735,0.7715434349729055,0.13428473472595215
img_4_slice_61.npy,0.017912719175770787,98.20872808242292,0.0010536152722856384,99.89463847277143,29.77317942847613,0.834577265974857,0.13772940635681152
img_4_slice_8.npy,0.05540401390694059,94.45959860930594,0.008276492263547115,99.17235077364529,20.82153686567893,0.7010743829405534,0.13961410522460938
img_4_slice_99.npy,0.04423104267755541,95.57689573224447,0.006191346868451041,99.3808653131549,22.082148640804103,0.7338369158201976,0.1414334774017334
img_5_slice_100.npy,0.08902583104468637,91.09741689553137,0.023560165867151765,97.64398341328481,16.27821656374954,0.7414564203082822,0.1439652442932129
img_5_slice_101.npy,0.08544475080531583,91.45552491946842,0.021689358217624532,97.83106417823755,16.63753298454588,0.7478318518499643,0.14448189735412598
img_5_slice_106.npy,0.0812922073836926,91.87077926163074,0.019663001020859043,98.03369989791409,17.06350198236566,0.7626600886745507,0.13994884490966797
img_5_slice_107.npy,0.07469689064307242,92.53031093569277,0.016598470792696732,98.34015292073033,17.79931921410869,0.7749654265456335,0.13704180717468262
img_5_slice_108.npy,0.08138540559437145,91.86145944056285,0.019732157323415437,98.02678426765846,17.048254305898464,0.7615339800093034,0.1373152732849121
img_5_slice_115.npy,0.08232412364206994,91.767587635793,0.02028047819594692,97.97195218040531,16.92921808933743,0.762768271142709,0.13910579681396484
img_5_slice_116.npy,0.08371003376229669,91.62899662377033,0.02096301995362557,97.90369800463743,16.785461522837736,0.7598924139907249,0.1369795799255371
img_5_slice_118.npy,0.07910210438419564,92.08978956158043,0.018758740830508047,98.1241259169492,17.267963167413484,0.7720942443052015,0.13580536842346191
img_5_slice_122.npy,0.07998465158513701,92.0015348414863,0.019193665610044486,98.08063343899556,17.16842075697588,0.7683376111408733,0.13714861869812012
img_5_slice_13.npy,0.07013628441166947,92.98637155883304,0.013094428587936491,98.69055714120634,18.829134484812535,0.8110589849255929,0.13892865180969238
img_5_slice_131.npy,0.08388918876691698,91.6110811233083,0.021685293158303344,97.83147068416966,16.63834702352071,0.7631991767071424,0.13844704627990723
img_5_slice_137.npy,0.07872826418265326,92.12717358173468,0.019315264367829814,98.06847356321701,17.140993432942604,0.7702752529382622,0.13575506210327148
img_5_slice_14.npy,0.06901184803182528,93.09881519681747,0.012680003090453425,98.73199969095465,18.96880640605177,0.8073728461110874,0.13487482070922852
img_5_slice_147.npy,0.07752530975957488,92.24746902404252,0.01955751064740072,98.04424893525993,17.08686424645475,0.7614197733418733,0.13609051704406738
img_5_slice_151.npy,0.0802761837994042,91.97238162005958,0.02131294541045686,97.86870545895432,16.713565274273083,0.7542781829720645,0.1379399299621582
img_5_slice_154.npy,0.07163068869381553,92.83693113061845,0.017026636287020034,98.29733637129799,17.688711410142282,0.7716102340228108,0.13687634468078613
img_5_slice_160.npy,0.08200455780759873,91.79954421924012,0.021825022133836858,97.81749778661631,16.610453071826065,0.7600680361609913,0.13453173637390137
img_5_slice_162.npy,0.07831264684445523,92.16873531555447,0.0199078693960756,98.00921306039244,17.009752170715615,0.7716997213759786,0.13745570182800293
img_5_slice_18.npy,0.07077314336023667,92.92268566397634,0.013393149315266004,98.6606850684734,18.731172893492612,0.8105828969071361,0.13645553588867188
img_5_slice_182.npy,0.07291097483645838,92.70890251635416,0.015282619905873644,98.47173800941263,18.158021880947018,0.8179044623026288,0.13808488845825195
img_5_slice_188.npy,0.08761538681528028,91.23846131847198,0.02139632791114823,97.86036720888518,16.696607549109256,0.8025263125042862,0.1376185417175293
img_5_slice_198.npy,0.09342595033703033,90.65740496629698,0.023200506117047753,97.67994938829523,16.345025409089487,0.7977798377518667,0.13789606094360352
img_5_slice_207.npy,0.11016905422597822,88.98309457740218,0.03213424013645384,96.78657598635462,14.930319651933445,0.7764595036738642,0.13751697540283203
img_5_slice_208.npy,0.09508852511958857,90.49114748804115,0.02384813180698568,97.61518681930144,16.225456366530352,0.8009878152508642,0.15556621551513672
img_5_slice_209.npy,0.09803240561616391,90.19675943838361,0.025393383315457364,97.46066166845426,15.952794315664613,0.8003079130633513,0.13745665550231934
img_5_slice_21.npy,0.07011194675996035,92.98880532400396,0.013157447800965054,98.68425521990349,18.808283442670067,0.8060590939001105,0.14018940925598145
img_5_slice_220.npy,0.10681572484458395,89.31842751554161,0.03028240011768534,96.97175998823147,15.188097065643673,0.7801798799473594,0.1331348419189453
img_5_slice_32.npy,0.06645657826908465,93.35434217309154,0.01206907516778949,98.79309248322106,19.18326007857429,0.8108410587314473,0.13917827606201172
img_5_slice_38.npy,0.061596274970390684,93.84037250296093,0.010841564645715047,98.9158435354285,19.649080362511235,0.8233497671712754,0.13508129119873047
img_5_slice_39.npy,0.05996839833945496,94.0031601660545,0.010281850258945813,98.97181497410543,19.879287253267066,0.8269384512808565,0.13614320755004883
img_5_slice_46.npy,0.061230151651105166,93.87698483488948,0.010517156120043824,98.94828438799563,19.781016792262452,0.8261214008398325,0.13567709922790527
img_5_slice_47.npy,0.061290790268475386,93.87092097315247,0.010631448289148549,98.93685517108514,19.734075688594686,0.8241919731447853,0.1350874900817871
img_5_slice_55.npy,0.06373424370946326,93.62657562905368,0.011820976545368232,98.81790234546318,19.273466443730193,0.8095580870956457,0.1369338035583496
img_5_slice_64.npy,0.06541109996071047,93.45889000392896,0.01246667933112277,98.75333206688772,19.042492113346416,0.807109087828176,0.13463687896728516
img_5_slice_65.npy,0.06634686773542692,93.36531322645732,0.012822904738034078,98.7177095261966,18.920135841147548,0.8037134491309296,0.1415541172027588
img_5_slice_74.npy,0.07340514046671644,92.65948595332836,0.016018035206004703,98.39819647939953,17.953907561370194,0.7838581067397766,0.13943004608154297
img_5_slice_76.npy,0.07740525192831615,92.25947480716839,0.017851251608855805,98.21487483911442,17.48331328696689,0.7715430983037902,0.1324291229248047
img_6_slice_108.npy,0.0491822306559829,95.0817769344017,0.006657588956386812,99.33424110436133,21.76683021958519,0.7350281420603668,0.13639569282531738
img_6_slice_123.npy,0.04820272324146722,95.17972767585327,0.0063585054508674054,99.36414945491326,21.966449520743566,0.7329650423042138,0.14021015167236328
img_6_slice_126.npy,0.05104979249502989,94.89502075049701,0.007015284915941301,99.29847150840587,21.539546860171797,0.704632222080456,0.13293671607971191
img_6_slice_127.npy,0.04964491538806477,95.03550846119352,0.006651496727325447,99.33485032726746,21.770806182640076,0.726228713966015,0.1366720199584961
img_6_slice_134.npy,0.04909535585261831,95.09046441473818,0.006609978550941334,99.33900214490586,21.797999497765282,0.7228802836355706,0.13848328590393066
img_6_slice_138.npy,0.04473076903068566,95.52692309693144,0.005486111205224325,99.45138887947756,22.607353933545674,0.7277098345275982,0.14031386375427246
img_6_slice_145.npy,0.04280828904623515,95.71917109537648,0.004917612773350909,99.50823872266491,23.082456718189114,0.726008755242102,0.13606834411621094
img_6_slice_146.npy,0.04023121180123111,95.97687881987689,0.004328309249838743,99.56716907501612,23.63681717240572,0.7465170718881832,0.13747572898864746
img_6_slice_150.npy,0.051780577288873086,94.82194227111269,0.007075383213914911,99.29246167860852,21.502500330924978,0.6939525345689749,0.14488959312438965
img_6_slice_152.npy,0.04861026318845524,95.13897368115447,0.0062404298442038575,99.37595701557962,22.047854948470004,0.7020471205437038,0.1375739574432373
img_6_slice_157.npy,0.0394368040693246,96.05631959306754,0.004143520622434457,99.58564793775655,23.826304953173967,0.7444464321630376,0.13829517364501953
img_6_slice_158.npy,0.05222226103402171,94.77777389659782,0.007290952266980405,99.27090477330196,21.372157450309942,0.6966637145582626,0.13623642921447754
img_6_slice_160.npy,0.04326592951670638,95.67340704832937,0.005030571634535564,99.49694283654644,22.983826623359413,0.7329963878866979,0.13967251777648926
img_6_slice_167.npy,0.04549231273099061,95.45076872690093,0.005387178790736516,99.46128212092636,22.686386107652062,0.7162552775198253,0.14167213439941406
img_6_slice_171.npy,0.04857122998344347,95.14287700165566,0.006141479795558849,99.3858520204441,22.11726972569955,0.7027683262918207,0.14026546478271484
img_6_slice_183.npy,0.05457990598943007,94.54200940105699,0.007672061211322427,99.23279387886775,21.150879408173836,0.684827822785778,0.14554190635681152
img_6_slice_209.npy,0.049851312927551183,95.01486870724489,0.006668621121408499,99.33313788785915,21.759639563788923,0.7325007113542521,0.13729453086853027
img_6_slice_217.npy,0.04991221003805247,95.00877899619475,0.006860008651216991,99.3139991348783,21.63675336600328,0.731938241915774,0.13739752769470215
img_6_slice_227.npy,0.04053241234239011,95.94675876576099,0.004443695225809141,99.55563047741909,23.52255735124572,0.7636535813134631,0.13368964195251465
img_6_slice_230.npy,0.04501642562953483,95.49835743704652,0.0054559291861440255,99.4544070813856,22.631312751306233,0.756018696147253,0.1356663703918457
img_6_slice_238.npy,0.0552560468856313,94.47439531143687,0.007874083354866664,99.21259166451334,21.037999920899825,0.716625309294212,0.14012384414672852
img_6_slice_24.npy,0.05119871165870776,94.88012883412922,0.006287105561598043,99.3712894438402,22.015492477085594,0.7333201825440793,0.13814544677734375
img_6_slice_245.npy,0.055483617252460156,94.45163827475398,0.007506472358332708,99.24935276416673,21.245641102982688,0.7036099030826322,0.13469171524047852
img_6_slice_257.npy,0.05028448443511114,94.97155155648889,0.005787827865666027,99.4212172134334,22.37484393603975,0.7252718732015383,0.13298487663269043
img_6_slice_279.npy,0.05961402333863074,94.03859766613692,0.00745785468032717,99.25421453196728,21.273860833167465,0.68226696124446,0.13619780540466309
img_6_slice_42.npy,0.05747658804326409,94.2523411956736,0.008223003131653993,99.1776996868346,20.84969544343808,0.7257025157021474,0.1363534927368164
img_6_slice_47.npy,0.05769781311667731,94.23021868833227,0.008420391693831478,99.15796083061686,20.74667705826597,0.7424508787099046,0.1362142562866211
img_6_slice_5.npy,0.04821958164909871,95.17804183509013,0.005509235758367247,99.44907642416328,22.589086423358538,0.7297913930969656,0.13630318641662598
img_6_slice_61.npy,0.04791681612372194,95.20831838762781,0.006005228542616522,99.39947714573835,22.214704598833023,0.7667290331329503,0.13242244720458984
img_6_slice_63.npy,0.045168902148689447,95.48310978513106,0.0053766963057466245,99.46233036942533,22.69484493272413,0.767403202397247,0.1400928497314453
img_6_slice_66.npy,0.040423397595055414,95.95766024049446,0.0043866357822968365,99.56133642177032,23.578684231070625,0.7925473957971018,0.13887500762939453
img_6_slice_77.npy,0.03999605848372343,96.00039415162766,0.004217121359747926,99.5782878640252,23.74983900737458,0.7652971470701294,0.1362171173095703
img_6_slice_8.npy,0.042364890933790804,95.76351090662092,0.0043013746423521786,99.56986253576478,23.66392729494184,0.7495871271594253,0.13305449485778809
img_6_slice_84.npy,0.04699937681738501,95.3000623182615,0.00597316528094224,99.40268347190577,22.2379546790686,0.7329901827329384,0.13643550872802734
img_7_slice_0.npy,0.034940279379270855,96.50597206207291,0.0031468791709536223,99.68531208290464,25.02119932140964,0.7636431842814015,0.13397526741027832
img_7_slice_108.npy,0.042078979772232294,95.79210202277677,0.0046389231578344145,99.53610768421656,23.33582821360285,0.7480850622559042,0.13507556915283203
img_7_slice_113.npy,0.06081523977630425,93.91847602236957,0.00955076869629836,99.04492313037017,20.1996167269629,0.6845424127215726,0.13881206512451172
img_7_slice_121.npy,0.04993322880612734,95.00667711938726,0.006512457714593207,99.34875422854068,21.862550835585925,0.7187358035542243,0.13916730880737305
img_7_slice_126.npy,0.04488995417529069,95.51100458247093,0.005240110842452615,99.47598891575474,22.806595264215403,0.731563672921193,0.13525724411010742
img_7_slice_135.npy,0.055356232507677294,94.46437674923227,0.007891521798983774,99.21084782010162,21.028392394810265,0.7109360370402057,0.15581941604614258
img_7_slice_158.npy,0.051932214042387286,94.80677859576127,0.007146374659831565,99.28536253401684,21.45914218971512,0.7427732040922878,0.1336205005645752
img_7_slice_159.npy,0.051659927399700795,94.83400726002992,0.007081200514277726,99.29187994857223,21.498931077723988,0.7386159831755721,0.13342666625976562
img_7_slice_160.npy,0.04868760340705924,95.13123965929408,0.006317364755045804,99.36826352449542,21.99464046877938,0.7546093070959432,0.1346137523651123
img_7_slice_163.npy,0.051248224797306355,94.87517752026936,0.007047236353843628,99.29527636461563,21.51981162666386,0.7435769189969612,0.14334917068481445
img_7_slice_17.npy,0.03755999478127428,96.24400052187258,0.00368730998279618,99.63126900172038,24.332903508237816,0.7305318279640441,0.137068510055542
img_7_slice_170.npy,0.04196319437094987,95.80368056290501,0.004735278796642892,99.52647212033571,23.246544461688107,0.7660752984051834,0.14393997192382812
img_7_slice_171.npy,0.04871427839166621,95.12857216083339,0.006429356959364044,99.35706430406358,21.918324614404902,0.7489505669236841,0.13916802406311035
img_7_slice_176.npy,0.04847352200894227,95.15264779910578,0.006318717471573509,99.36812825284265,21.99371062784408,0.7532199201838552,0.12651944160461426
img_7_slice_178.npy,0.043455272525371895,95.65447274746282,0.005036155904608409,99.49638440953916,22.979008338733298,0.7713881312129451,0.12982463836669922
img_7_slice_187.npy,0.05611490207449274,94.38850979255072,0.008362014344895646,99.16379856551043,20.776890917600504,0.7294282907417831,0.1418309211730957
img_7_slice_194.npy,0.04812727159719444,95.18727284028056,0.006202301782808695,99.37976982171914,22.074471062992778,0.7545738509186647,0.14228129386901855
img_7_slice_197.npy,0.04827130229899154,95.17286977010085,0.006336595360373817,99.36634046396262,21.981440249826388,0.7595424495497842,0.1369004249572754
img_7_slice_199.npy,0.049144490231690055,95.08555097683099,0.006580910054845137,99.34190899451548,21.8171404491667,0.7575986801516433,0.13828611373901367
img_7_slice_2.npy,0.03523038126544494,96.47696187345551,0.003207539724285512,99.67924602757144,24.93827956330691,0.7639476464453554,0.14046549797058105
img_7_slice_206.npy,0.053349089988874734,94.66509100111253,0.007471154729602962,99.25288452703971,21.266122691434084,0.7473678694544057,0.14231276512145996
img_7_slice_213.npy,0.04696316672445295,95.3036833275547,0.005478999752944358,99.45210002470557,22.612987191482258,0.7689343963005507,0.13855433464050293
img_7_slice_217.npy,0.050389699319547655,94.96103006804523,0.006272806976489503,99.37271930235106,22.025380761379797,0.743017832150362,0.13351702690124512
img_7_slice_28.npy,0.04731741281972317,95.26825871802768,0.005467481893725947,99.4532518106274,22.6221264651034,0.6855843052224824,0.1353163719177246
img_7_slice_29.npy,0.04778986923264557,95.22101307673545,0.005585199674186644,99.44148003258132,22.529612959866316,0.7069690493829872,0.1393733024597168
img_7_slice_3.npy,0.03660710460644266,96.33928953935573,0.0035120412853774157,99.64879587146226,24.544403874395663,0.7630714398127868,0.1347486972808838
img_7_slice_38.npy,0.05032953065922087,94.96704693407791,0.006090359496364018,99.39096405036359,22.15357071459211,0.6834084052441441,0.13793540000915527
img_7_slice_44.npy,0.040193924310348406,95.98060756896515,0.004038915521096894,99.5961084478903,23.93735230540125,0.7094936669956295,0.13848233222961426
img_7_slice_54.npy,0.05447142382719694,94.55285761728031,0.007429021268957212,99.25709787310429,21.290683982837542,0.6603302697085672,0.13623046875
img_7_slice_86.npy,0.05303632791969558,94.69636720803044,0.007008117288595741,99.29918827114042,21.543986383805482,0.6841090678394091,0.14471817016601562
img_7_slice_92.npy,0.04927345702990058,95.07265429700993,0.006036931674819639,99.39630683251804,22.191837394052193,0.7133511963941994,0.1367814540863037
img_7_slice_96.npy,0.05150182291378643,94.84981770862136,0.006628697374642039,99.3371302625358,21.785718077320713,0.6943035825195858,0.13686132431030273
img_8_slice_110.npy,0.07661355144942592,92.33864485505741,0.015573128234348834,98.44268717656512,18.076241402606808,0.861653626097842,0.1377394199371338
img_8_slice_111.npy,0.073303138520745,92.6696861479255,0.01427420187700044,98.57257981229995,18.45448165401191,0.861477940637443,0.13279366493225098
img_8_slice_119.npy,0.06712998519725714,93.28700148027428,0.01204968415637654,98.79503158436235,19.19024336569654,0.8752457284980208,0.13634920120239258
img_8_slice_121.npy,0.0631029269881118,93.68970730118882,0.01068880281423229,98.93111971857678,19.71070934668561,0.8802320711705841,0.13612842559814453
img_8_slice_132.npy,0.06036681577410951,93.96331842258905,0.00999845171153825,99.00015482884618,20.00067246519518,0.8767173648135816,0.1429150104522705
img_8_slice_141.npy,0.07247403093835447,92.75259690616456,0.0146290320201968,98.53709679798031,18.347844094997765,0.8570433716780496,0.13528203964233398
img_8_slice_146.npy,0.07062960752474476,92.93703924752552,0.013909489973758807,98.60905100262411,18.56688794209469,0.8630008591418203,0.1407785415649414
img_8_slice_149.npy,0.06481780781907594,93.5182192180924,0.011726304571625042,98.8273695428375,19.308388299142877,0.8722519375279204,0.14023828506469727
img_8_slice_15.npy,0.05793255325745489,94.20674467425452,0.01000664710601686,98.99933528939832,19.997114157555064,0.8486677176549118,0.14188909530639648
img_8_slice_152.npy,0.06203251706632122,93.79674829336788,0.010785429701606996,98.9214570298393,19.671625475183916,0.8775540067328177,0.14136433601379395
img_8_slice_169.npy,0.047898373355193716,95.21016266448062,0.006729286535656821,99.32707134643431,21.72030978874481,0.9001151462291498,0.1385507583618164
img_8_slice_186.npy,0.052405512730453165,94.75944872695469,0.008299302268875252,99.17006977311247,20.809584176859275,0.880745061492515,0.13371658325195312
img_8_slice_192.npy,0.04975228021160647,95.02477197883935,0.007495377721746533,99.25046222782534,21.25206476446553,0.8880194989732796,0.13599944114685059
img_8_slice_196.npy,0.05240970003744034,94.75902999625596,0.008320130004873385,99.16798699951266,20.79869887656629,0.890719618900807,0.13666081428527832
img_8_slice_200.npy,0.048624291985151086,95.1375708014849,0.007120072579013819,99.28799274209862,21.47515579325988,0.9025703574747739,0.13491392135620117
img_8_slice_205.npy,0.04904054643615391,95.09594535638462,0.00722580306447215,99.27741969355279,21.411138790783394,0.90501678582437,0.13042783737182617
img_8_slice_21.npy,0.05913045291554277,94.08695470844573,0.010401818493614252,98.95981815063858,19.828907287105334,0.8487898689610872,0.13793253898620605
img_8_slice_29.npy,0.06475488376872793,93.52451162312721,0.012147070392852403,98.78529296071476,19.155284517473913,0.8431132237703108,0.1345353126525879
img_8_slice_3.npy,0.054991702201335285,94.50082977986646,0.009502052302503694,99.04979476974964,20.221825834067914,0.8410644799849415,0.1328446865081787
img_8_slice_39.npy,0.06064226165521136,93.93577383447887,0.010573674208242208,98.94263257917578,19.757740750300556,0.8540995284518842,0.1327662467956543
img_8_slice_40.npy,0.06478390892872239,93.52160910712776,0.011987619198890263,98.80123808011098,19.21267061392674,0.852759928594781,0.13647031784057617
img_8_slice_44.npy,0.06402692874333016,93.59730712566699,0.01166160285100663,98.83383971489934,19.332417530498805,0.8555161831216334,0.1340773105621338
img_8_slice_61.npy,0.07673809382936361,92.32619061706365,0.015953892732310227,98.40461072676898,17.971333322999808,0.8425764403178749,0.1347644329071045
img_8_slice_62.npy,0.07520128892668745,92.47987110733126,0.015274726050435021,98.4725273949565,18.160265700118423,0.8458752116222656,0.13353180885314941
img_8_slice_64.npy,0.07081097224241178,92.91890277575882,0.013495164784958262,98.65048352150417,18.69821808049951,0.8545338840024654,0.13374567031860352
img_8_slice_7.npy,0.05906183576995318,94.09381642300468,0.010566695568894755,98.94333044311053,19.760608046097023,0.8458294670160927,0.13912105560302734
img_8_slice_73.npy,0.07298886434535455,92.70111356546454,0.014154094897120863,98.58459051028791,18.491178969632195,0.8549536986083142,0.13335728645324707
img_8_slice_77.npy,0.08234548625270735,91.76545137472927,0.017956226898962733,98.20437731010372,17.457849153919668,0.8414332087560406,0.1386723518371582
img_8_slice_80.npy,0.08185544152292454,91.81445584770755,0.017708242917201675,98.22917570827984,17.518245291103657,0.8423250683199393,0.1353003978729248
img_8_slice_88.npy,0.07369217179685363,92.63078282031464,0.01439202953931025,98.56079704606897,18.418779582821358,0.855899218412009,0.1340322494506836
img_8_slice_98.npy,0.0751433430899813,92.48566569100187,0.014905658022560345,98.50943419774396,18.266488469202514,0.8597800813692347,0.13416361808776855
img_9_slice_107.npy,0.02462110845967957,97.53788915403204,0.001983645659282802,99.80163543407173,27.025359037352583,0.7402569230215008,0.13331246376037598
img_9_slice_12.npy,0.017664247346014558,98.23357526539854,0.0011415635334935522,99.88584364665064,29.424999129272887,0.7633138993044978,0.13654112815856934
img_9_slice_120.npy,0.02478036937333174,97.52196306266683,0.0019141275086461832,99.80858724913539,27.18029135285947,0.7383724760566309,0.13476896286010742
img_9_slice_139.npy,0.024327792566118205,97.56722074338818,0.0019046046545551846,99.80953953454448,27.201951586569713,0.7380025857299958,0.1364881992340088
img_9_slice_14.npy,0.01911403670200856,98.08859632979915,0.0011777669818016734,99.88222330181983,29.28940625107483,0.752451989554542,0.13622498512268066
img_9_slice_140.npy,0.028048207140840418,97.19517928591596,0.0023372893563209127,99.76627106436791,26.31287518641388,0.7247446349274084,0.13814878463745117
img_9_slice_143.npy,0.023339294454843656,97.66607055451564,0.0016760740299842632,99.83239259700157,27.757068030663504,0.744666104690091,0.13590049743652344
img_9_slice_149.npy,0.028741728411285056,97.12582715887149,0.002285445026357478,99.77145549736424,26.41029220682563,0.7351659142229509,0.1359243392944336
img_9_slice_157.npy,0.030401699884563458,96.95983001154366,0.002763929622150143,99.72360703778499,25.58473019583285,0.7345310237283571,0.1341238021850586
img_9_slice_159.npy,0.018876000799337347,98.11239992006627,0.0013171237876051115,99.86828762123949,28.80373406703011,0.7753100702120675,0.13623738288879395
img_9_slice_171.npy,0.021294670029704286,97.87053299702957,0.0015262656032142693,99.84737343967858,28.163698831746817,0.7724784059537426,0.13570642471313477
img_9_slice_173.npy,0.022141876646808337,97.78581233531916,0.0016445410350185504,99.83554589649815,27.83955285416487,0.7751039871215282,0.1324176788330078
img_9_slice_177.npy,0.0213310338833287,97.86689661166713,0.0015592553509952926,99.84407446490047,28.070827568784082,0.7823050523507913,0.13300037384033203
img_9_slice_178.npy,0.03263036647117492,96.73696335288251,0.0032597203184710957,99.67402796815288,24.868196604705,0.7417412780715897,0.1333162784576416
img_9_slice_187.npy,0.027264122778402743,97.27358772215973,0.0024391848694340725,99.7560815130566,26.12755282616795,0.7613016131535378,0.13320446014404297
img_9_slice_192.npy,0.03062962030594348,96.93703796940565,0.003003588878952352,99.69964111210476,25.223595123540626,0.7506843304033166,0.13204693794250488
img_9_slice_203.npy,0.025797025165568244,97.42029748344318,0.0022755395687769765,99.7724460431223,26.4291560825599,0.7746097953230379,0.13264942169189453
img_9_slice_205.npy,0.0274963704399296,97.25036295600704,0.0025842430807009303,99.74157569192991,25.876666378743668,0.7699306997915596,0.13389968872070312
img_9_slice_21.npy,0.0321510814909109,96.7848918509089,0.0029044465879592067,99.70955534120408,25.36936605680392,0.7028592211926505,0.13695001602172852
img_9_slice_22.npy,0.02830715215306917,97.16928478469309,0.002369918380166922,99.76300816198331,26.252666108057227,0.7147903880886162,0.13072609901428223
img_9_slice_224.npy,0.020027570861726053,97.99724291382739,0.001425158711881227,99.85748412881188,28.46136768037195,0.7928135825519755,0.13570713996887207
img_9_slice_225.npy,0.015719510061011976,98.4280489938988,0.0010019423277261563,99.89980576722739,29.991572759449472,0.8133770381363865,0.1354663372039795
img_9_slice_226.npy,0.015935457120823247,98.40645428791768,0.0009853421071642264,99.90146578928358,30.06412957869631,0.808444960116816,0.13490939140319824
img_9_slice_230.npy,0.01699973121382846,98.30002687861715,0.0011066376901559209,99.8893362309844,29.559945425549117,0.8009959454695625,0.13832449913024902
img_9_slice_234.npy,0.019879024282304415,98.01209757176956,0.00135825410337128,99.86417458966287,28.67018974261249,0.7839151948302469,0.13780736923217773
img_9_slice_244.npy,0.01996872139502255,98.00312786049774,0.0012956038622843656,99.87043961377157,28.875277659981627,0.781485879677668,0.1345212459564209
img_9_slice_250.npy,0.02919212863932194,97.0807871360678,0.002330380032788307,99.76696199672116,26.325732494956515,0.7417648357038192,0.13691377639770508
img_9_slice_252.npy,0.016746920850948532,98.32530791490515,0.0009638510171006607,99.90361489828994,30.15990090009376,0.7825164863880005,0.13631153106689453
img_9_slice_257.npy,0.01779366531748854,98.22063346825115,0.001056214572305989,99.8943785427694,29.762478449630116,0.7728839103996564,0.13351130485534668
img_9_slice_259.npy,0.025553202824543986,97.4446797175456,0.0018353717730172881,99.81646282269827,27.36275951784505,0.742234710884767,0.13448762893676758
img_9_slice_26.npy,0.02881550600400849,97.11844939959914,0.002451834763143442,99.75481652368565,26.105088016385615,0.713468303053138,0.13353991508483887
img_9_slice_264.npy,0.023279823891913895,97.67201761080861,0.0015684348784773992,99.84315651215226,28.045335085282662,0.7445611616644596,0.1367053985595703
img_9_slice_269.npy,0.017351752818483925,98.26482471815162,0.0009645672967631695,99.90354327032368,30.156674667310174,0.7626260425934546,0.13259029388427734
img_9_slice_27.npy,0.03380156329851901,96.6198436701481,0.003241928584160528,99.67580714158395,24.89196556374184,0.6989105239382022,0.1375269889831543
img_9_slice_272.npy,0.020916771154375683,97.90832288456242,0.0013097913051561547,99.86902086948439,28.8279789689335,0.7441787329872668,0.1341555118560791
img_9_slice_28.npy,0.029135175754182053,97.0864824245818,0.002506248628505992,99.7493751371494,26.009758476945724,0.718816084003364,0.13344955444335938
img_9_slice_280.npy,0.03201758801194519,96.79824119880548,0.0025841591433361432,99.74158408566639,25.876807441814126,0.7047506775765011,0.13414978981018066
img_9_slice_281.npy,0.031126909625648073,96.88730903743519,0.002462849082098412,99.75371509179016,26.08562199943275,0.7056583652011995,0.1354069709777832
img_9_slice_282.npy,0.02490791862041882,97.50920813795811,0.0016859102674217613,99.83140897325782,27.73165544421037,0.7249363654034444,0.13512420654296875
img_9_slice_286.npy,0.03175568496581814,96.82443150341818,0.0025314196132360813,99.7468580386764,25.966358593426353,0.7049403944985684,0.13336753845214844
img_9_slice_288.npy,0.0385961571962622,96.14038428037378,0.0035922351633221866,99.64077648366778,24.446352402702797,0.6838101592301554,0.1341407299041748
img_9_slice_293.npy,0.034860672625857056,96.5139327374143,0.002948419246209176,99.70515807537909,25.304107625465168,0.6868850912479794,0.13599419593811035
img_9_slice_36.npy,0.031134065396539165,96.88659346034608,0.0028595010487009512,99.7140498951299,25.43709739842977,0.7171351194215692,0.1316671371459961
img_9_slice_49.npy,0.03210076406433091,96.78992359356691,0.003000482006635592,99.69995179933645,25.228089732779225,0.7332939505819821,0.13987445831298828
img_9_slice_50.npy,0.02615747423912589,97.38425257608742,0.0020779259189656375,99.79220740810344,26.823699397229884,0.7517797732902985,0.14214539527893066
img_9_slice_55.npy,0.03166918109226477,96.83308189077351,0.002884731235612611,99.71152687643874,25.398946429337677,0.7378751047543493,0.1354379653930664
img_9_slice_56.npy,0.03508398865539723,96.49160113446028,0.003495607036146713,99.65043929638533,24.564773951524295,0.7256610353630251,0.13474488258361816
img_9_slice_73.npy,0.030268580210529444,96.97314197894706,0.0026385723007171773,99.73614276992828,25.786310010236004,0.7386145882782851,0.12934446334838867
img_9_slice_81.npy,0.028374361487749928,97.162563851225,0.0024763109934340917,99.75236890065659,26.06194814316342,0.7385993439595931,0.13391780853271484
img_9_slice_9.npy,0.017619144793320343,98.23808552066797,0.0011896898382289496,99.8810310161771,29.24566247937747,0.7687858158024629,0.13679265975952148
img_9_slice_90.npy,0.021749403427154132,97.82505965728458,0.0016741299062267981,99.83258700937732,27.76210845405775,0.7574710017890105,0.13825583457946777
img_9_slice_93.npy,0.023790263581621146,97.62097364183788,0.0018501522997862612,99.81498477002137,27.32792520118968,0.749350874485657,0.1330726146697998
img_9_slice_98.npy,0.022402515797886883,97.75974842021131,0.0016624046197064907,99.83375953802935,27.792632629111466,0.7536920043927087,0.1313488483428955
