File_Name,Error,Similarity,MSE,Similarity_MSE,PSNR,SSIM,Encode_Time,Decode_Time
img_0_slice_1.npy,0.065626971095655,93.43730289043451,0.010042514140251667,98.99574858597482,19.98157548092288,0.5384681036374831,0.3353433609008789,0.1332716941833496
img_0_slice_102.npy,0.05138867861226347,94.86113213877366,0.0067544433024603195,99.32455566975396,21.70410439481714,0.5795796393307433,0.0,0.0010042190551757812
img_0_slice_106.npy,0.055222559622896926,94.47774403771031,0.008043888028112237,99.19561119718877,20.945339834645846,0.573264730752448,0.00099945068359375,0.0020003318786621094
img_0_slice_117.npy,0.05235160597043921,94.76483940295608,0.006934796140570282,99.30652038594297,21.589663011843104,0.5668222607948202,0.002000093460083008,0.0
img_0_slice_120.npy,0.057064441642440976,94.29355583575591,0.008365173426164612,99.16348265738354,20.77525050846768,0.5676020819413453,0.0020313262939453125,0.0010001659393310547
img_0_slice_128.npy,0.05305018033729559,94.69498196627045,0.0072481724861213894,99.27518275138786,21.397714802209514,0.5649915074000401,0.0010008811950683594,0.001001596450805664
img_0_slice_130.npy,0.05630898488179972,94.36910151182003,0.008349047583614193,99.16509524163858,20.783630637705627,0.5591082519340436,0.001001596450805664,0.0009984970092773438
img_0_slice_136.npy,0.0485552069611254,95.14447930388746,0.006098641020000442,99.39013589799995,22.14766929459357,0.5789120323647282,0.0010001659393310547,0.0010004043579101562
img_0_slice_145.npy,0.05267235452116725,94.73276454788328,0.007310000124759664,99.26899998752403,21.36082615630042,0.5690399658979785,0.0009989738464355469,0.0010004043579101562
img_0_slice_151.npy,0.05621076971714296,94.3789230282857,0.008418228258893672,99.15817717411063,20.74779302603916,0.5579412522467422,0.0009984970092773438,0.0
img_0_slice_154.npy,0.04827374068998679,95.17262593100132,0.006000058891088684,99.39999411089113,22.21844486958134,0.5710193382075481,0.0009982585906982422,0.0
img_0_slice_167.npy,0.04838557399195605,95.16144260080439,0.006146449240988617,99.38535507590115,22.113757005468972,0.5888890878814296,0.0009834766387939453,0.0009996891021728516
img_0_slice_169.npy,0.05424845736048396,94.5751542639516,0.007967483647661698,99.20325163523384,20.986788191924887,0.5728161603459689,0.001986265182495117,0.0009975433349609375
img_0_slice_175.npy,0.05005267723622368,94.99473227637763,0.006636317443125033,99.3363682556875,21.78072848009316,0.5734426893136376,0.000982522964477539,0.0
img_0_slice_182.npy,0.043806689392384246,95.61933106076157,0.004900604514626921,99.5099395485373,23.097503442218184,0.5916551451602194,0.0009171962738037109,0.0010156631469726562
img_0_slice_186.npy,0.04417311877595111,95.58268812240489,0.005108732806147039,99.4891267193853,22.916868109310535,0.6084553241284048,0.00099945068359375,0.0010008811950683594
img_0_slice_20.npy,0.05881270860748581,94.11872913925143,0.008657297653249489,99.13427023467504,20.62617650411381,0.5847512395268222,0.0018968582153320312,0.002012491226196289
img_0_slice_209.npy,0.06113611873212724,93.88638812678728,0.009385201474300076,99.06147985256999,20.275563998420406,0.5669385405966689,0.0010707378387451172,0.0009694099426269531
img_0_slice_213.npy,0.05460849448908404,94.5391505510916,0.0070833396972176076,99.29166603027824,21.49761930150003,0.5853148063967012,0.0019865036010742188,0.0010106563568115234
img_0_slice_219.npy,0.07234531709954349,92.76546829004565,0.012425783591267602,98.75742164087325,19.05676214374661,0.5120184758711865,0.0030007362365722656,0.0009980201721191406
img_0_slice_230.npy,0.07864671327941636,92.13532867205836,0.013346475397701806,98.66535246022981,18.746334097623723,0.43279221141805635,0.0019981861114501953,0.0010006427764892578
img_0_slice_232.npy,0.07117619305751302,92.8823806942487,0.010750437122646256,98.92495628773538,19.685738765768782,0.4551694469555809,0.0009992122650146484,0.0009999275207519531
img_0_slice_243.npy,0.060669120393313264,93.93308796066867,0.007537593042928961,99.2462406957071,21.227673139521265,0.4728608645235388,0.0009968280792236328,0.0009996891021728516
img_0_slice_25.npy,0.057136680440860683,94.28633195591392,0.008298887044134612,99.17011129558654,20.80980146539629,0.5896252390535934,0.0009760856628417969,0.0009970664978027344
img_0_slice_254.npy,0.06331204937451575,93.66879506254843,0.00838905313882722,99.16109468611728,20.76287054640707,0.49076127110225637,0.0009794235229492188,0.0010020732879638672
img_0_slice_258.npy,0.06997218295050958,93.00278170494904,0.010490845671067681,98.95091543289323,19.79189501751637,0.48158552224799295,0.0019826889038085938,0.0010077953338623047
img_0_slice_36.npy,0.04811506676085942,95.18849332391406,0.005946121001543555,99.40538789984565,22.25766257295902,0.6052940496121787,0.0011043548583984375,0.0010128021240234375
img_0_slice_48.npy,0.05251463381715722,94.74853661828428,0.007201047111638539,99.27989528883614,21.426043477712632,0.5927236042419995,0.0,0.0010304450988769531
img_0_slice_56.npy,0.049458713167117856,95.05412868328821,0.006355502323541521,99.36444976764585,21.968501181672963,0.5841614532913906,0.00099945068359375,0.0
img_0_slice_6.npy,0.06685718860425231,93.31428113957477,0.010674899905519026,98.9325100094481,19.716361884982135,0.5596503836338208,0.001982450485229492,0.0009932518005371094
img_0_slice_64.npy,0.05156444488305581,94.84355551169442,0.007086623781286579,99.29133762187135,21.495606226989345,0.5851820305783276,0.0008606910705566406,0.0009982585906982422
img_0_slice_71.npy,0.05281611987482634,94.71838801251737,0.00734923292105246,99.26507670789475,21.337579882000508,0.5926390861333155,0.0009984970092773438,0.0019989013671875
img_0_slice_72.npy,0.055993824058987784,94.40061759410122,0.008366046928905578,99.16339530710945,20.774797035962237,0.5809935632866009,0.0010139942169189453,0.0010004043579101562
img_0_slice_83.npy,0.052552540141732024,94.7447459858268,0.00738882016192503,99.2611179838075,21.31424903698924,0.5772800553933874,0.002000093460083008,0.0009996891021728516
img_10_slice_1.npy,0.03453151958675725,96.54684804132427,0.002358949517742678,99.76410504822574,26.272813530526747,0.6533124576168098,0.00099945068359375,0.0009999275207519531
img_10_slice_100.npy,0.04418956992054576,95.58104300794542,0.004386750624200943,99.56132493757991,23.57857053448202,0.5625017763646548,0.002003192901611328,0.0009999275207519531
img_10_slice_109.npy,0.04439822286810915,95.56017771318909,0.00449871452420859,99.55012854757913,23.469115650683904,0.5715004893372122,0.0009784698486328125,0.001024484634399414
img_10_slice_111.npy,0.04175901634273649,95.82409836572636,0.00397178515743473,99.60282148425654,24.01014251481808,0.5716386030382066,0.0010142326354980469,0.0
img_10_slice_119.npy,0.041867068484063207,95.81329315159368,0.003946413837649152,99.60535861623508,24.03797374739273,0.5741009822507253,0.0009982585906982422,0.0
img_10_slice_121.npy,0.0405799145132672,95.94200854867327,0.0036913306802400492,99.63086693197599,24.32817047686836,0.574914713590009,0.0008931159973144531,0.001112222671508789
img_10_slice_124.npy,0.04076474035682587,95.9235259643174,0.003705950977513038,99.6294049022487,24.311003298461525,0.5746569336402326,0.0010020732879638672,0.0009984970092773438
img_10_slice_126.npy,0.04516104787222796,95.4838952127772,0.004561654982528601,99.54383450174714,23.408775653658882,0.567305932392949,0.0010025501251220703,0.0010042190551757812
img_10_slice_137.npy,0.04850061763467086,95.14993823653292,0.005308659258193857,99.46913407418062,22.7501514940649,0.5678393468478657,0.0020041465759277344,0.0
img_10_slice_140.npy,0.04888526372541165,95.11147362745884,0.005449150024033049,99.4550849975967,22.63671235092259,0.5360535960824333,0.0009393692016601562,0.001100301742553711
img_10_slice_142.npy,0.05790953063531209,94.20904693646878,0.007685212919012594,99.23147870809873,21.143440958582747,0.5546371312924679,0.001001596450805664,0.0
img_10_slice_143.npy,0.05900639191993107,94.09936080800689,0.007993298105798893,99.20067018942011,20.972739899465154,0.5532374352986889,0.0010001659393310547,0.0
img_10_slice_148.npy,0.05542673447041707,94.45732655295829,0.006995622928475139,99.30043770715248,21.551736074975167,0.5579631501267327,0.0010178089141845703,0.0
img_10_slice_152.npy,0.05343278076581745,94.65672192341825,0.006559829473201733,99.34401705267982,21.83107450229538,0.557658457288273,0.0009970664978027344,0.0010256767272949219
img_10_slice_158.npy,0.051991177050425094,94.80088229495749,0.006305687365696331,99.36943126343036,22.002675652593375,0.5555509328896999,0.0019991397857666016,0.0009984970092773438
img_10_slice_163.npy,0.049530820971267105,95.04691790287329,0.0056766796408428185,99.43233203591572,22.459056141663382,0.5633259943986385,0.002000570297241211,0.0009989738464355469
img_10_slice_167.npy,0.05873196350592848,94.12680364940715,0.008096146052795733,99.19038539472042,20.917216658512228,0.5532772839214967,0.0018985271453857422,0.00099945068359375
img_10_slice_168.npy,0.05819617687518879,94.18038231248113,0.00791422213887229,99.20857778611277,21.015917639850134,0.5534899101210408,0.0019996166229248047,0.0
img_10_slice_170.npy,0.05571231722845713,94.42876827715429,0.007270503544360835,99.27294964556391,21.38435509503524,0.5272831638131429,0.0019991397857666016,0.0
img_10_slice_177.npy,0.053058215137935745,94.69417848620643,0.006432316604677866,99.35676833953221,21.916325873503148,0.553488067598492,0.0009481906890869141,0.0010223388671875
img_10_slice_179.npy,0.05175525086886329,94.82447491311368,0.006142032354857443,99.38579676451425,22.116879001203937,0.5424099141406021,0.0020177364349365234,0.0009996891021728516
img_10_slice_188.npy,0.048908878111314814,95.10911218886852,0.005435918054368474,99.45640819456315,22.647270988129485,0.5592431719841974,0.0009989738464355469,0.0
img_10_slice_189.npy,0.04918570769419772,95.08142923058023,0.0055441758352992344,99.44558241647007,22.561630043902596,0.5487471599068862,0.0030176639556884766,0.0019822120666503906
img_10_slice_192.npy,0.05272361237643135,94.72763876235688,0.006362405622596711,99.36375943774033,21.963786467596186,0.5535172214943984,0.0010111331939697266,0.0
img_10_slice_197.npy,0.055575010039314,94.44249899606861,0.0071031804521093705,99.28968195478906,21.485471521926677,0.5474563915938018,0.0010104179382324219,0.0009868144989013672
img_10_slice_198.npy,0.05597850179240286,94.40214982075972,0.0072287739486581485,99.27712260513418,21.40935355884565,0.5463057817903474,0.0010955333709716797,0.0009629726409912109
img_10_slice_2.npy,0.03419846331697382,96.58015366830261,0.002292058037272198,99.77079419627279,26.3977438978146,0.6588631868069621,0.0,0.0009930133819580078
img_10_slice_200.npy,0.05442463357053358,94.55753664294664,0.006916420302617059,99.3083579697383,21.601186230382268,0.5148571689211985,0.0010364055633544922,0.0
img_10_slice_204.npy,0.04924222783017253,95.07577721698274,0.005580119037649362,99.44198809623506,22.533565363952466,0.5351172458903048,0.0018885135650634766,0.00099945068359375
img_10_slice_207.npy,0.0473888981689243,95.26111018310756,0.005096675365190815,99.49033246348093,22.92713028093906,0.5433490591125173,0.003003835678100586,0.000997304916381836
img_10_slice_217.npy,0.05284121420236511,94.71587857976348,0.006540990616360726,99.34590093836393,21.84356473902078,0.5299563416653549,0.0010023117065429688,0.0010004043579101562
img_10_slice_220.npy,0.04949123165183912,95.0508768348161,0.005767601855183005,99.4232398144817,22.390047271487266,0.49297783684483676,0.0009472370147705078,0.0010170936584472656
img_10_slice_222.npy,0.05497574176176961,94.50242582382305,0.007226301000002626,99.27736989999974,21.41083952549669,0.5244291537754362,0.0008940696716308594,0.0010654926300048828
img_10_slice_24.npy,0.027909772697059663,97.20902273029404,0.0016675571831162113,99.83324428168838,27.779192645262437,0.6195657867078339,0.0010020732879638672,0.0
img_10_slice_241.npy,0.04874060504771866,95.12593949522812,0.005607026703261361,99.43929732967386,22.512673755848578,0.5336590313030619,0.0,0.0009975433349609375
img_10_slice_257.npy,0.06478481864527137,93.52151813547286,0.00898826328147715,99.10117367185228,20.463242148445794,0.5786028559091282,0.0010783672332763672,0.0009312629699707031
img_10_slice_269.npy,0.054500952163335184,94.54990478366648,0.005821999160283121,99.41780008397168,22.349278615362383,0.5669722670699474,0.0009992122650146484,0.0
img_10_slice_289.npy,0.031943908726693816,96.80560912733061,0.002191076506057135,99.78089234939429,26.593424578667893,0.5501165142483213,0.0,0.0009415149688720703
img_10_slice_290.npy,0.0329273718837049,96.70726281162952,0.0023867926238524133,99.76132073761475,26.22185312970199,0.5397160604887852,0.001110076904296875,0.0009927749633789062
img_10_slice_305.npy,0.03145285486279719,96.85471451372028,0.002070027305109827,99.79299726948902,26.840239258569397,0.5377398069652868,0.0009822845458984375,0.0
img_10_slice_309.npy,0.0301243768329912,96.98756231670089,0.001843426333139631,99.81565736668604,27.343742129535535,0.5520993226451064,0.0009868144989013672,0.0009987354278564453
img_10_slice_48.npy,0.05823578497255852,94.17642150274415,0.006785496769415395,99.32145032305846,21.684183519366943,0.5975209631228843,0.0,0.0009379386901855469
img_10_slice_6.npy,0.024243501504228108,97.57564984957719,0.00122095392644762,99.87790460735523,29.13300724152654,0.6465003273053297,0.00099945068359375,0.0
img_10_slice_60.npy,0.06124966685434016,93.87503331456598,0.007967475531897888,99.20325244681021,20.98679261569705,0.5640595242530001,0.0009996891021728516,0.0010230541229248047
img_10_slice_72.npy,0.04958936581024385,95.04106341897561,0.005145548870492947,99.48544511295071,22.885682926775456,0.5956904531493828,0.0019965171813964844,0.0
img_10_slice_76.npy,0.047070753059002206,95.29292469409978,0.004733354731511219,99.52666452684888,23.248309470078226,0.5924223118240665,0.0019850730895996094,0.0009968280792236328
img_10_slice_78.npy,0.04891404873054376,95.10859512694563,0.005082542584889272,99.49174574151107,22.939189738694722,0.5955522587437931,0.0009996891021728516,0.0
img_10_slice_84.npy,0.0540448388088293,94.59551611911708,0.006307943419880446,99.36920565801195,22.00112210800318,0.5795551779985088,0.0009980201721191406,0.001001119613647461
img_10_slice_87.npy,0.05054906350607953,94.94509364939205,0.005440029879886217,99.45599701201138,22.643987148911464,0.5934191973879023,0.0009987354278564453,0.0010013580322265625
img_10_slice_90.npy,0.04682857875668732,95.31714212433127,0.004736914423480411,99.52630855765196,23.245044611124378,0.5733187314484124,0.0009827613830566406,0.0009989738464355469
img_10_slice_97.npy,0.04382360700302958,95.61763929969705,0.004154967044080722,99.58450329559193,23.814324165563203,0.5955776320515571,0.0009894371032714844,0.00099945068359375
img_11_slice_109.npy,0.031024821572785827,96.89751784272141,0.001991011680173418,99.80089883198265,27.009261921976112,0.6255755033533367,0.001020669937133789,0.0
img_11_slice_114.npy,0.06005384050657077,93.99461594934291,0.007341479636189996,99.26585203638099,21.342164015182483,0.5758164458726638,0.0019979476928710938,0.0010004043579101562
img_11_slice_117.npy,0.055893203081462596,94.41067969185374,0.006228923570629652,99.37710764293703,22.055869979197965,0.5830657530602775,0.001903533935546875,0.0
img_11_slice_122.npy,0.052866325657550485,94.71336743424496,0.005531315342294225,99.44686846577058,22.5717158153908,0.5901233202993653,0.0010335445404052734,0.0010704994201660156
img_11_slice_128.npy,0.05361571026268806,94.6384289737312,0.005837883174616306,99.41621168253837,22.337446001885564,0.5858015438185601,0.001993417739868164,0.0019981861114501953
img_11_slice_130.npy,0.05814705962717928,94.18529403728208,0.00698766596525633,99.30123340347437,21.556678639800765,0.5649825721574214,0.0029981136322021484,0.0010159015655517578
img_11_slice_133.npy,0.059065462478691995,94.0934537521308,0.0070233077745482635,99.29766922254517,21.534582995661683,0.5748871522373623,0.0030341148376464844,0.0009989738464355469
img_11_slice_142.npy,0.05718182092654236,94.28181790734577,0.006474081135677399,99.35259188643226,21.88821862153684,0.5751098464331591,0.0009987354278564453,0.0010006427764892578
img_11_slice_144.npy,0.0630225014448163,93.69774985551838,0.007956857542152041,99.2043142457848,20.99258417383323,0.5632667547667913,0.002001523971557617,0.0010006427764892578
img_11_slice_167.npy,0.0535928461665647,94.64071538334353,0.005686402416037788,99.43135975839623,22.4516240935178,0.592349150737898,0.0009572505950927734,0.0
img_11_slice_172.npy,0.057837820093229166,94.21621799067708,0.006784584205120561,99.32154157948794,21.68476763030773,0.5848249756502414,0.001001596450805664,0.001001119613647461
img_11_slice_177.npy,0.06253442298565169,93.74655770143482,0.00804827837318349,99.19517216268166,20.94297010686917,0.5793003060816365,0.0009982585906982422,0.0
img_11_slice_187.npy,0.04855815874812323,95.14418412518768,0.0047081572458081275,99.5291842754192,23.271490407635333,0.6004168875169269,0.0009980201721191406,0.0
img_11_slice_188.npy,0.049611169729131634,95.03888302708684,0.004936319017259061,99.5063680982741,23.065967811145587,0.5985814069408056,0.0009992122650146484,0.0
img_11_slice_190.npy,0.0315476499838084,96.84523500161916,0.002070141601186146,99.79298583988138,26.83999947050092,0.6151245879778646,0.0010082721710205078,0.0
img_11_slice_194.npy,0.04720791474443738,95.27920852555626,0.004465369684669617,99.55346303153304,23.501425803665022,0.6002714910673154,0.0020918846130371094,0.000904083251953125
img_11_slice_200.npy,0.03653883820625782,96.34611617937422,0.0026666913779559635,99.73333086220441,25.74027243255147,0.6088886827259686,0.002001047134399414,0.0019991397857666016
img_11_slice_211.npy,0.026119765698221505,97.38802343017785,0.0013483592475549784,99.86516407524451,28.701943819516092,0.6135703749569058,0.0010020732879638672,0.0010008811950683594
img_11_slice_213.npy,0.025856952053990214,97.41430479460098,0.0012962076993751224,99.87037923006248,28.873254031990236,0.6130332938209146,0.0010004043579101562,0.0
img_11_slice_222.npy,0.02605661272802782,97.39433872719722,0.0012856395753261629,99.8714360424674,28.908807673265148,0.598392337132478,0.0009970664978027344,0.001018524169921875
img_11_slice_229.npy,0.026909266979392426,97.30907330206075,0.0013879080230043705,99.86120919769957,28.576393137264237,0.5785883774333943,0.0010151863098144531,0.0
img_11_slice_235.npy,0.027483720791705146,97.25162792082949,0.0013781323341737473,99.86218676658262,28.607090776083762,0.558049536951058,0.000896453857421875,0.0
img_11_slice_244.npy,0.07263737127794258,92.73626287220574,0.009522801748518895,99.0477198251481,20.21235256982542,0.48667888589521596,0.0009768009185791016,0.0
img_11_slice_252.npy,0.0696398317206467,93.03601682793533,0.008644779637908575,99.13552203620914,20.632460727498128,0.4898256161117858,0.0010218620300292969,0.001979351043701172
img_11_slice_254.npy,0.05929187272432474,94.07081272756753,0.00619563680567969,99.38043631943204,22.079140489361237,0.49824343207579824,0.0,0.0010137557983398438
img_11_slice_262.npy,0.027378716761606744,97.26212832383932,0.0013625579509495167,99.86374420490505,28.65645017680763,0.5508621567182926,0.0019843578338623047,0.0010008811950683594
img_11_slice_276.npy,0.06722231706088219,93.27776829391178,0.007927388661920238,99.20726113380798,21.008698488093216,0.4786481159970993,0.0019903182983398438,0.0008990764617919922
img_11_slice_287.npy,0.061727099213338944,93.82729007866611,0.006589589623389873,99.34104103766101,21.81141630906257,0.49678772709746727,0.0009996891021728516,0.0010004043579101562
img_11_slice_288.npy,0.06444840460934743,93.55515953906526,0.007195627144965579,99.28043728550344,21.4293134853372,0.4925273788078599,0.0009992122650146484,0.0010004043579101562
img_11_slice_289.npy,0.07603956987636029,92.39604301236398,0.010181197299151375,98.98188027008487,19.922011463765855,0.46919709549719757,0.0009963512420654297,0.0
img_11_slice_290.npy,0.07128220548966406,92.8717794510336,0.008946646026581474,99.10533539734186,20.483397451473103,0.46769720693605443,0.002012968063354492,0.0009944438934326172
img_11_slice_291.npy,0.07005868980726221,92.99413101927378,0.00859383607409322,99.14061639259067,20.658129346637214,0.47796681242738287,0.0010013580322265625,0.0010013580322265625
img_11_slice_32.npy,0.05564556581784457,94.43544341821554,0.006511491200871851,99.34885087991282,21.86319541977366,0.5998488444652136,0.01201319694519043,0.0019996166229248047
img_11_slice_39.npy,0.059266733669344124,94.07332663306559,0.007570275174848954,99.2429724825151,21.208883338755633,0.582361725727263,0.0009999275207519531,0.0009999275207519531
img_11_slice_48.npy,0.046076153302964454,95.39238466970356,0.004433485071754195,99.55665149282457,23.532547495350258,0.6064711915501648,0.0029997825622558594,0.0010006427764892578
img_11_slice_52.npy,0.025310484664382044,97.46895153356179,0.0013246164140484995,99.86753835859516,28.779098676746642,0.6314297132905005,0.0010013580322265625,0.001001119613647461
img_11_slice_76.npy,0.024557910042481406,97.54420899575186,0.0012285388011755948,99.87714611988244,29.106111225617248,0.6357680441949929,0.00099945068359375,0.0009996891021728516
img_11_slice_87.npy,0.024870854059755056,97.5129145940245,0.0012898130820753013,99.87101869179247,28.894732224953565,0.6380507083060906,0.0010247230529785156,0.0
img_11_slice_90.npy,0.02569559422570355,97.43044057742965,0.0013719779090933277,99.86280220909066,28.626528813669537,0.6260716562352826,0.0009796619415283203,0.0
img_12_slice_107.npy,0.057092747410422896,94.2907252589577,0.010417035704716164,98.95829642952837,19.82255847278011,0.4977233043287559,0.0009992122650146484,0.001001119613647461
img_12_slice_114.npy,0.05907106691278386,94.09289330872161,0.011182067304740067,98.881793269526,19.51477898055771,0.4984265977731423,0.000997781753540039,0.0010013580322265625
img_12_slice_125.npy,0.05634536594426652,94.36546340557335,0.010136972298670584,98.98630277013294,19.940917403014307,0.4964611797935231,0.0,0.0010030269622802734
img_12_slice_130.npy,0.050916431039194694,94.90835689608052,0.008088922909241002,99.1911077090759,20.921093035688546,0.5011412137691631,0.0019998550415039062,0.0
img_12_slice_134.npy,0.05028463834727132,94.97153616527287,0.007900128840897159,99.20998711591028,21.02365825869761,0.5003434979063487,0.002046823501586914,0.0
img_12_slice_151.npy,0.052283573260240725,94.77164267397593,0.00885218939702696,99.1147810602973,20.5294930269736,0.49598100096628694,0.0009982585906982422,0.0010159015655517578
img_12_slice_16.npy,0.0663363923152264,93.36636076847736,0.011748633781313871,98.82513662186861,19.300126334547294,0.606195359744903,0.00099945068359375,0.0
img_12_slice_165.npy,0.05323191961061161,94.67680803893884,0.0093299067953202,99.06700932046797,20.301226947830084,0.4845348548272051,0.0009989738464355469,0.0010066032409667969
img_12_slice_167.npy,0.05478208316945959,94.52179168305405,0.00995136308822583,99.00486369117742,20.02117427681448,0.4838406624269329,0.00098419189453125,0.0010018348693847656
img_12_slice_170.npy,0.05161083709941354,94.83891629005865,0.008712484332193291,99.12875156678066,20.598579898922832,0.4896432981102247,0.002003192901611328,0.001998424530029297
img_12_slice_177.npy,0.05595944473162872,94.40405552683713,0.010539912986701467,98.94600870132986,19.77162974469904,0.4798730788425231,0.0009479522705078125,0.0009403228759765625
img_12_slice_193.npy,0.05349677721914122,94.65032227808588,0.00930771384021969,99.06922861597803,20.311569772894686,0.48730437756411765,0.0009984970092773438,0.0009996891021728516
img_12_slice_194.npy,0.049251714968739126,95.07482850312608,0.007671014121732178,99.23289858782678,21.15147217751367,0.4926081274955291,0.0009996891021728516,0.0010013580322265625
img_12_slice_20.npy,0.06393092338293499,93.6069076617065,0.010987200980415692,98.90127990195843,19.591129311966746,0.6018684965443434,0.0020012855529785156,0.00099945068359375
img_12_slice_201.npy,0.05177926722690198,94.8220732773098,0.008743983352540882,99.12560166474591,20.582906779003615,0.4821031645912497,0.001947641372680664,0.0
img_12_slice_204.npy,0.0481218069924643,95.18781930075357,0.00735446851592875,99.26455314840712,21.334487068847174,0.4874565071696638,0.0010826587677001953,0.0
img_12_slice_213.npy,0.04507819439757196,95.4921805602428,0.006288274488774266,99.37117255112258,22.014685092144852,0.4823702722727914,0.002003192901611328,0.000997304916381836
img_12_slice_214.npy,0.05024367536210719,94.97563246378928,0.008177259070193864,99.18227409298062,20.873922428039297,0.4759710898021548,0.0009982585906982422,0.001055002212524414
img_12_slice_215.npy,0.048290639844803314,95.17093601551967,0.007423594836410835,99.25764051635892,21.293857389864893,0.47784983813635007,0.0010008811950683594,0.0
img_12_slice_219.npy,0.05268514815669081,94.73148518433092,0.009141650584534184,99.08583494154658,20.389753824897817,0.46919862012540936,0.001008749008178711,0.0010037422180175781
img_12_slice_22.npy,0.06351280838690497,93.6487191613095,0.01088863491399248,98.91113650860075,19.630265634472547,0.6005302232461333,0.0009996891021728516,0.0
img_12_slice_221.npy,0.051075549301266135,94.89244506987339,0.008508232491010834,99.14917675089892,20.701606513288333,0.4702808906654048,0.0009980201721191406,0.0010187625885009766
img_12_slice_233.npy,0.04711496455542582,95.28850354445741,0.007049935280388535,99.29500647196114,21.518148698879127,0.4694153944172117,0.0025043487548828125,0.002012491226196289
img_12_slice_241.npy,0.044514940719794865,95.54850592802052,0.006212952224899491,99.37870477751005,22.067019859237107,0.47182958700079064,0.0019850730895996094,0.0011589527130126953
img_12_slice_251.npy,0.04367200626413493,95.63279937358651,0.005890680960115166,99.41093190398848,22.29834498060741,0.46965299520649834,0.0010018348693847656,0.001013040542602539
img_12_slice_257.npy,0.04079770649299668,95.92022935070034,0.004894944647930591,99.51050553520695,23.10252214838213,0.48029173303393036,0.0009980201721191406,0.0010018348693847656
img_12_slice_259.npy,0.04417052668753633,95.58294733124637,0.0060402103070131725,99.39597896929868,22.18947939924355,0.4826291577799484,0.0009658336639404297,0.0019352436065673828
img_12_slice_262.npy,0.050790099840310896,94.92099001596891,0.008384442430076224,99.16155575699239,20.76525812913892,0.4828449807670953,0.0030024051666259766,0.0009965896606445312
img_12_slice_265.npy,0.04772163827859666,95.22783617214033,0.007171759417371092,99.28282405826289,21.443742876347645,0.4976513588324171,0.0019927024841308594,0.0010139942169189453
img_12_slice_269.npy,0.04599693071313777,95.40030692868622,0.006518591084612091,99.34814089153879,21.85846261675962,0.5171162937895805,0.0019998550415039062,0.0010006427764892578
img_12_slice_285.npy,0.06491354975828331,93.50864502417167,0.012640681171420328,98.73593188285797,18.982295224920648,0.5511885158146418,0.0011107921600341797,0.0009987354278564453
img_12_slice_295.npy,0.06743199673236609,93.25680032676338,0.012619107903945319,98.73808920960548,18.989713460497402,0.5770381425710649,0.0030083656311035156,0.0009791851043701172
img_12_slice_301.npy,0.0634456249575563,93.65543750424436,0.010620637001497533,98.93793629985025,19.73849434484411,0.5986005519117473,0.002996206283569336,0.0009987354278564453
img_12_slice_308.npy,0.07593592701514829,92.40640729848518,0.015548876384884783,98.44511236151152,18.08300989111449,0.605471176152658,0.0010004043579101562,0.0009996891021728516
img_12_slice_31.npy,0.019986815240558235,98.00131847594417,0.0008246262467536292,99.91753737532464,30.837428463005317,0.6136590175734717,0.0009989738464355469,0.0010251998901367188
img_12_slice_311.npy,0.06927585373311271,93.07241462668873,0.012626172127760824,98.73738278722392,18.987282943982454,0.6197248951241653,0.0019919872283935547,0.0010001659393310547
img_12_slice_312.npy,0.06787295155229987,93.21270484477002,0.01205545440134775,98.79445455986523,19.188164152924465,0.6222191426877166,0.0009982585906982422,0.0
img_12_slice_322.npy,0.06673613841732505,93.3263861582675,0.011779154067896501,98.82208459321035,19.288858977353616,0.6228212135194098,0.0009832382202148438,0.0
img_12_slice_325.npy,0.07216364263260326,92.78363573673968,0.014166580606505875,98.58334193934941,18.48734962944631,0.6097982922286703,0.0009739398956298828,0.0009999275207519531
img_12_slice_329.npy,0.07161172796621944,92.83882720337806,0.014022606466898341,98.59773935331016,18.531712539170606,0.5995333217337571,0.0010013580322265625,0.0
img_12_slice_330.npy,0.07136578565802616,92.86342143419738,0.013964397111925368,98.60356028880747,18.549778094521262,0.5984942306990468,0.0009989738464355469,0.0010018348693847656
img_12_slice_335.npy,0.06185342502292201,93.8146574977078,0.01026436219406632,98.97356378059337,19.88668031603015,0.5964258411847478,0.0029838085174560547,0.002001523971557617
img_12_slice_39.npy,0.019560942271789908,98.043905772821,0.000747543480326761,99.92524565196732,31.263635418439243,0.6080359118328125,0.0010004043579101562,0.0010159015655517578
img_12_slice_44.npy,0.019430640077493525,98.05693599225064,0.0007369844260474399,99.92630155739526,31.32541689553598,0.5952395536555034,0.0,0.0010502338409423828
img_12_slice_48.npy,0.01928579594360627,98.07142040563937,0.0007429292461623496,99.92570707538377,31.29052544872573,0.5865088517121773,0.001999378204345703,0.001001596450805664
img_12_slice_49.npy,0.019253447530727275,98.07465524692726,0.0007288136215829973,99.9271186378417,31.37383518961723,0.5845128681539218,0.0010089874267578125,0.0
img_12_slice_64.npy,0.05485967032400408,94.51403296759959,0.009015531930923424,99.09844680690766,20.450086441107924,0.5311280287458019,0.0,0.001001119613647461
img_12_slice_70.npy,0.05221114581402643,94.77888541859735,0.008176138013598571,99.18238619864013,20.87451786235977,0.5230055398440042,0.0010151863098144531,0.001997709274291992
img_12_slice_79.npy,0.0554213212082492,94.45786787917508,0.009570627367583044,99.0429372632417,20.190595926986937,0.4978945198437772,0.0019884109497070312,0.0010004043579101562
img_12_slice_80.npy,0.053904392039409006,94.6095607960591,0.008982522314760804,99.10174776852392,20.466016952293028,0.5012185079976986,0.000997304916381836,0.0010004043579101562
img_12_slice_98.npy,0.06074282064549002,93.925717935451,0.01200571237982504,98.7994287620175,19.206120652239488,0.4934187999315424,0.0009996891021728516,0.0009975433349609375
img_13_slice_10.npy,0.09289747516457096,90.7102524835429,0.017444508939198626,98.25554910608014,17.58341251380558,0.5538380900382057,0.0009996891021728516,0.0009982585906982422
img_13_slice_103.npy,0.0802605340003494,91.97394659996506,0.014544348359105135,98.54556516408948,18.373057319889085,0.596946578309565,0.00099945068359375,0.001001119613647461
img_13_slice_105.npy,0.08204876995698353,91.79512300430164,0.015216384346719389,98.47836156532807,18.176885305360475,0.595345193838528,0.00099945068359375,0.0
img_13_slice_106.npy,0.07753776566914804,92.24622343308519,0.013487436117901238,98.65125638820987,18.700705993031896,0.6032280840027732,0.0009996891021728516,0.0
img_13_slice_11.npy,0.09409179116893188,90.59082088310682,0.017855912220045442,98.21440877799546,17.48217957735996,0.548944969152816,0.0009996891021728516,0.001001596450805664
img_13_slice_112.npy,0.07380161174277619,92.61983882572238,0.012101536038551382,98.78984639614487,19.171595015241895,0.607405228746283,0.0010008811950683594,0.0010058879852294922
img_13_slice_117.npy,0.07924606612195281,92.07539338780471,0.014113126713062215,98.58868732869378,18.503767591869867,0.600865555194079,0.0009996891021728516,0.0010008811950683594
img_13_slice_119.npy,0.08698894889283611,91.30110511071638,0.01732637399588934,98.26736260041106,17.612923154363795,0.5876144460478988,0.00099945068359375,0.0010001659393310547
img_13_slice_142.npy,0.06167147425154653,93.83285257484535,0.008171133532871433,99.18288664671286,20.877176921917574,0.6281114089416358,0.0009989738464355469,0.001001119613647461
img_13_slice_149.npy,0.0712183310766288,92.87816689233712,0.01120299214940064,98.87970078505994,19.506659683634457,0.611222367559236,0.0019989013671875,0.002101898193359375
img_13_slice_153.npy,0.0902611137753599,90.973888622464,0.018895976728785135,98.11040232712148,17.23630654582721,0.5803670856884188,0.002999544143676758,0.0010001659393310547
img_13_slice_168.npy,0.07592090531014373,92.40790946898562,0.013097764800965778,98.69022351990341,18.82802812545164,0.6027245777913276,0.0020055770874023438,0.0020194053649902344
img_13_slice_174.npy,0.08121718901931793,91.8782810980682,0.015108877641744874,98.48911223582552,18.207677958926695,0.5967413636319451,0.0,0.0010139942169189453
img_13_slice_175.npy,0.08231702708010596,91.76829729198941,0.015567469623886734,98.44325303761133,18.07781973025303,0.5947012629747878,0.0019974708557128906,0.0010929107666015625
img_13_slice_178.npy,0.07680563172187967,92.31943682781203,0.013475066138845212,98.65249338611548,18.70469094514877,0.6038500190115254,0.0018913745880126953,0.0
img_13_slice_182.npy,0.08212901267965364,91.78709873203464,0.015617766286206671,98.43822337137934,18.063810805063678,0.5941927423213115,0.0019822120666503906,0.001001119613647461
img_13_slice_198.npy,0.07944946272395488,92.0550537276045,0.014691569155146189,98.53084308448538,18.329318162569223,0.5951346581199728,0.0009992122650146484,0.0009987354278564453
img_13_slice_20.npy,0.10254601090894364,89.74539890910563,0.021069327855904464,97.89306721440956,16.763493188355568,0.5192867297277612,0.0011708736419677734,0.0
img_13_slice_209.npy,0.0830134286442421,91.69865713557579,0.01603184737919543,98.39681526208047,17.950164302120967,0.5906177823458229,0.002000093460083008,0.0010161399841308594
img_13_slice_210.npy,0.08472866127694544,91.52713387230546,0.01672904147981471,98.32709585201853,17.765289419995174,0.5904009085502766,0.0010094642639160156,0.001008749008178711
img_13_slice_223.npy,0.0847977254556197,91.52022745443803,0.015158029806699102,98.48419701933008,18.19357243274112,0.5799121072884496,0.002100229263305664,0.002063274383544922
img_13_slice_235.npy,0.09249398940555781,90.75060105944421,0.01633110436425693,98.36688956357432,17.86984445815341,0.5292476962875783,0.0016536712646484375,0.001123666763305664
img_13_slice_24.npy,0.10255885628082724,89.74411437191728,0.021075587135024453,97.89244128649756,16.76220317725787,0.5229848546024485,0.001010894775390625,0.0010259151458740234
img_13_slice_26.npy,0.10150553780635008,89.84944621936499,0.020650788851149994,97.934921114885,16.850633538304404,0.5268981870624425,0.0019915103912353516,0.001003265380859375
img_13_slice_3.npy,0.09078279012188092,90.92172098781191,0.017158807336757575,98.28411926632424,17.655129020972083,0.5687132585682494,0.0020055770874023438,0.0019910335540771484
img_13_slice_35.npy,0.09734867570771437,90.26513242922857,0.019199750256292406,98.08002497437076,17.1670442041205,0.5411168992123714,0.0020058155059814453,0.0019867420196533203
img_13_slice_39.npy,0.09822577575687344,90.17742242431265,0.01965025422823646,98.03497457717636,17.066318264994443,0.5340462430175468,0.0010020732879638672,0.0
img_13_slice_44.npy,0.09371841496963838,90.62815850303616,0.01859626291849913,98.14037370815008,17.305743222842732,0.5730017167799428,0.0009989738464355469,0.0
img_13_slice_47.npy,0.08964797989325754,91.03520201067424,0.016933002273061014,98.30669977269389,17.71266033324815,0.5822100796067269,0.0009984970092773438,0.0010013580322265625
img_13_slice_5.npy,0.09045213166738715,90.95478683326128,0.016879545851030683,98.31204541489693,17.72639242369406,0.565643565289112,0.0019266605377197266,0.0010063648223876953
img_13_slice_72.npy,0.07842539829628384,92.15746017037162,0.013242404698607758,98.67575953013923,18.78033143860947,0.6038119665615743,0.0010089874267578125,0.0010852813720703125
img_13_slice_74.npy,0.07804677076825575,92.19532292317443,0.013129345703622534,98.68706542963774,18.817569162857367,0.6039436959971363,0.0005936622619628906,0.0
img_13_slice_83.npy,0.07745412420928252,92.25458757907174,0.013101531547744563,98.68984684522555,18.826779330575437,0.6051898847323778,0.0009407997131347656,0.0010669231414794922
img_13_slice_98.npy,0.0826910174438996,91.73089825561004,0.015323143497443731,98.46768565025563,18.14652131338508,0.5948165425690137,0.0049419403076171875,0.00405573844909668
img_1_slice_103.npy,0.03090760942267234,96.90923905773276,0.0024844859577512835,99.75155140422487,26.04763453532401,0.5199618709596602,0.0009739398956298828,0.0010364055633544922
img_1_slice_109.npy,0.03631628185114679,96.36837181488532,0.003589281320661392,99.64107186793386,24.449925012034534,0.505190591123186,0.0009474754333496094,0.0010004043579101562
img_1_slice_116.npy,0.03676867577899022,96.32313242210098,0.0036698280980497606,99.63301719019503,24.353542784773133,0.4917973729862638,0.0009989738464355469,0.0009996891021728516
img_1_slice_119.npy,0.038623904727585916,96.13760952724141,0.004113784162431539,99.58862158375685,23.857584981356975,0.4924242063096822,0.0019826889038085938,0.0
img_1_slice_12.npy,0.05998010099371506,94.00198990062849,0.00839359077687544,99.16064092231245,20.760522083050358,0.6173372091020278,0.0010004043579101562,0.001520395278930664
img_1_slice_121.npy,0.040174577962498084,95.98254220375019,0.004494382575456342,99.55056174245436,23.473299618817794,0.49226901930923533,0.002001047134399414,0.0009984970092773438
img_1_slice_125.npy,0.04312083792993809,95.6879162070062,0.005245310163952761,99.47546898360471,22.80228826152883,0.4796787280480209,0.0009970664978027344,0.0010013580322265625
img_1_slice_126.npy,0.042925526970327775,95.70744730296722,0.005190573247567967,99.4809426752432,22.84784675965119,0.49195550563469026,0.0020678043365478516,0.0020220279693603516
img_1_slice_135.npy,0.042228996010537125,95.77710039894629,0.004925576118090203,99.50744238819098,23.0754296511066,0.454869832183905,0.0019538402557373047,0.0009286403656005859
img_1_slice_136.npy,0.04546853374776685,95.45314662522331,0.005889394186874149,99.41106058131258,22.299293766609676,0.46616284293987736,0.0009989738464355469,0.0
img_1_slice_141.npy,0.04444272049691495,95.5557279503085,0.00563417327460029,99.43658267253997,22.491698007571344,0.4753232177632687,0.0019981861114501953,0.000997781753540039
img_1_slice_143.npy,0.04584675627342476,95.41532437265752,0.006119010316123608,99.38809896838764,22.13318814619697,0.4798758772997742,0.0009999275207519531,0.0010263919830322266
img_1_slice_146.npy,0.035696933666719485,96.43030663332806,0.003429650826699251,99.65703491733008,24.64750093297443,0.4842176116525769,0.001996755599975586,0.0010094642639160156
img_1_slice_148.npy,0.03607177662654244,96.39282233734575,0.0035559863538447366,99.64440136461553,24.490399143107386,0.4922530090456692,0.002052783966064453,0.0
img_1_slice_149.npy,0.03412780643102301,96.5872193568977,0.003137696742220271,99.68623032577797,25.033890331979887,0.4886275986400926,0.002099275588989258,0.0009953975677490234
img_1_slice_157.npy,0.044693295684811375,95.53067043151886,0.006032766631895521,99.39672333681044,22.194834743587645,0.4745019562430196,0.0019996166229248047,0.0009982585906982422
img_1_slice_173.npy,0.04427093188092249,95.57290681190776,0.005913267227254453,99.40867327727454,22.28172494297081,0.4729390468429758,0.001003265380859375,0.001010894775390625
img_1_slice_178.npy,0.04421957704377492,95.57804229562251,0.005847106770028676,99.41528932299714,22.33058975734989,0.46977160498022486,0.00099945068359375,0.002019643783569336
img_1_slice_183.npy,0.04686451933019832,95.31354806698018,0.006749369380427859,99.32506306195722,21.707368030792775,0.4649131736043852,0.0010006427764892578,0.00099945068359375
img_1_slice_185.npy,0.03930102287977342,96.06989771202265,0.004434134894900292,99.55658651050997,23.53191098948255,0.46100509824197605,0.0009996891021728516,0.0010006427764892578
img_1_slice_191.npy,0.0407702948544383,95.92297051455617,0.004894772397105871,99.5105227602894,23.102674977278696,0.4719372473791549,0.0009992122650146484,0.0
img_1_slice_195.npy,0.03608199527282068,96.39180047271793,0.00361784309396782,99.63821569060322,24.415502724407222,0.46728541329258205,0.0,0.001001119613647461
img_1_slice_196.npy,0.03786004105256767,96.21399589474323,0.004052970185619504,99.59470298143806,23.922265909951822,0.47346899901840306,0.001001596450805664,0.0
img_1_slice_197.npy,0.04030127580777798,95.9698724192222,0.004699798555727128,99.53002014442728,23.279207565347125,0.47452695582479637,0.0019941329956054688,0.0010018348693847656
img_1_slice_198.npy,0.041617433508491515,95.83825664915085,0.0050637322582996955,99.49362677417002,22.95529265434826,0.4722961534351485,0.0009996891021728516,0.0
img_1_slice_199.npy,0.03948753993385471,96.05124600661453,0.004453468430638726,99.55465315693613,23.513016219264692,0.46846191867024173,0.0009808540344238281,0.0010166168212890625
img_1_slice_203.npy,0.039220992123972544,96.07790078760274,0.004389722237650644,99.56102777623494,23.575629591364695,0.4745534966432353,0.0010013580322265625,0.002001047134399414
img_1_slice_205.npy,0.04042861204974803,95.9571387950252,0.004710444026980295,99.52895559730197,23.269381524511093,0.4608241223348662,0.0009987354278564453,0.0010001659393310547
img_1_slice_208.npy,0.045694358194354016,95.4305641805646,0.006333990201440434,99.36660097985596,21.983226128086983,0.46398545636727795,0.0030145645141601562,0.001096487045288086
img_1_slice_209.npy,0.04273351739636527,95.72664826036348,0.005388870896581941,99.46111291034181,22.685022208526078,0.4604011289605866,0.000997781753540039,0.0010018348693847656
img_1_slice_232.npy,0.040121526331875955,95.9878473668124,0.004695512331293113,99.53044876687069,23.283170145769247,0.46334948730526065,0.0009982585906982422,0.0010175704956054688
img_1_slice_236.npy,0.0375670585821992,96.24329414178008,0.003994441144495496,99.60055588555045,23.985439735062897,0.4559469875659377,0.0009965896606445312,0.0010023117065429688
img_1_slice_237.npy,0.03644744893929259,96.35525510607074,0.003719641225671605,99.62803587743284,24.29498947544247,0.4606989084653098,0.001050710678100586,0.0
img_1_slice_256.npy,0.029695220475495682,97.03047795245044,0.0023200170464779298,99.76799829535221,26.345088240900903,0.4708163818295051,0.002996206283569336,0.000993967056274414
img_1_slice_263.npy,0.03847710667467614,96.15228933253238,0.004191038495915956,99.5808961504084,23.776783500258325,0.5083033181030915,0.0010356903076171875,0.0
img_1_slice_265.npy,0.03318044184793467,96.68195581520654,0.002949358500075362,99.70506414999247,25.302724349281537,0.5113019730636555,0.000982522964477539,0.001016378402709961
img_1_slice_271.npy,0.03816809299035726,96.18319070096427,0.0037947402353349447,99.6205259764665,24.208179478901947,0.5534528972496857,0.0018870830535888672,0.0010006427764892578
img_1_slice_278.npy,0.03817245312086164,96.18275468791384,0.0034924594232626405,99.65075405767374,24.568686309848612,0.5917183941425361,0.0019745826721191406,0.0010001659393310547
img_1_slice_283.npy,0.05002683002687925,94.99731699731207,0.00615053725394492,99.38494627460551,22.11086946625763,0.5976492061717051,0.0009980201721191406,0.0010073184967041016
img_1_slice_303.npy,0.07305916412176681,92.69408358782331,0.013025851428296133,98.69741485717039,18.851938796579542,0.6122388110767312,0.0009982585906982422,0.0010232925415039062
img_1_slice_314.npy,0.062498144199505966,93.7501855800494,0.009302387150471355,99.06976128495286,20.314055898068155,0.6168370824194677,0.0009801387786865234,0.0009958744049072266
img_1_slice_322.npy,0.06209783582094377,93.79021641790563,0.009248189748746393,99.07518102512536,20.339432682414404,0.6187073097773418,0.0019829273223876953,0.0010018348693847656
img_1_slice_324.npy,0.060557349575181434,93.94426504248186,0.00879900247200539,99.12009975279946,20.555665602884034,0.6140754866431278,0.0009775161743164062,0.0
img_1_slice_325.npy,0.05154568638691144,94.84543136130885,0.006168938549477419,99.38310614505225,22.09789555863297,0.6126116443082908,0.0018808841705322266,0.001005411148071289
img_1_slice_328.npy,0.04966636714006629,95.03336328599336,0.005704169937582828,99.42958300624171,22.4380754454204,0.6274584559702807,0.00089263916015625,0.0010004043579101562
img_1_slice_38.npy,0.05984056428886886,94.01594357111311,0.009088247607413098,99.09117523925869,20.415198492091683,0.5910999879476116,0.0019996166229248047,0.001020193099975586
img_1_slice_48.npy,0.051347780921115624,94.86522190788844,0.006690013116172432,99.33099868838275,21.745730307709323,0.5831847639647504,0.001999378204345703,0.00099945068359375
img_1_slice_51.npy,0.04463960476263314,95.53603952373668,0.004965673397669632,99.50343266023303,23.04021848264007,0.5781760413682843,0.002107381820678711,0.0009086132049560547
img_1_slice_61.npy,0.04499986817687097,95.5000131823129,0.005200935066622752,99.47990649333772,22.839185683331216,0.54646471171209,0.0009980201721191406,0.0010018348693847656
img_1_slice_64.npy,0.045683988038533734,95.43160119614663,0.005401463575524742,99.45985364244753,22.6748854820433,0.5462993790102088,0.0008969306945800781,0.0009927749633789062
img_1_slice_79.npy,0.031793873187892376,96.82061268121076,0.0025043222158292588,99.74956777841707,26.013097938506444,0.540911634472989,0.000978708267211914,0.0009968280792236328
img_1_slice_82.npy,0.038504647686954364,96.14953523130455,0.003837229257781341,99.61627707422187,24.159822528175784,0.541817223924475,0.0,0.001001119613647461
img_1_slice_87.npy,0.04148823521841029,95.85117647815898,0.0046004686134745254,99.53995313865255,23.37197927909625,0.5325469719740706,0.001001119613647461,0.0009992122650146484
img_1_slice_88.npy,0.04166371832709213,95.83362816729078,0.004662666736161045,99.5337333263839,23.313656246095444,0.5302192560173528,0.0008976459503173828,0.0
img_1_slice_90.npy,0.04055399367762195,95.94460063223781,0.004416068250906422,99.55839317490936,23.549642231495575,0.5069168535689145,0.0010008811950683594,0.0020024776458740234
img_2_slice_100.npy,0.08965075153844318,91.03492484615569,0.019653669909811197,98.03463300901888,17.065563423488864,0.5805678134008796,0.0009999275207519531,0.0
img_2_slice_107.npy,0.082084148349033,91.7915851650967,0.01631515215314733,98.36848478468526,17.874088716790993,0.5937580056143494,0.0019998550415039062,0.0
img_2_slice_11.npy,0.09046067196142993,90.953932803857,0.018543787565890917,98.14562124341091,17.318015565470986,0.5964177158092155,0.0010006427764892578,0.001001119613647461
img_2_slice_119.npy,0.0824484662753326,91.75515337246674,0.01635868604779481,98.36413139522053,17.86251582395073,0.5913756645300092,0.0009989738464355469,0.0
img_2_slice_133.npy,0.07649901896781063,92.35009810321894,0.013980493489720774,98.60195065102792,18.54477498398636,0.6032004569264462,0.0010001659393310547,0.0009996891021728516
img_2_slice_15.npy,0.09087721000556062,90.91227899944394,0.01890756777502897,98.1092432224971,17.233643341809174,0.5949060029417625,0.0010402202606201172,0.0009591579437255859
img_2_slice_160.npy,0.07537567849262139,92.46243215073787,0.014182330800162731,98.58176691998372,18.482523890073285,0.5920399216351775,0.0,0.0009951591491699219
img_2_slice_163.npy,0.07185481318034771,92.81451868196523,0.012834246715426092,98.7165753284574,18.91629616430344,0.5947658190868682,0.0,0.0009777545928955078
img_2_slice_165.npy,0.07443341484295217,92.55665851570478,0.013895505882494896,98.61044941175051,18.571256375892563,0.5932056798077426,0.0010008811950683594,0.00099945068359375
img_2_slice_170.npy,0.06764943397900548,93.23505660209945,0.011372428045266171,98.86275719547338,19.441468023232616,0.60769034345477,0.0010006427764892578,0.0
img_2_slice_177.npy,0.08353234760087426,91.64676523991258,0.01779059112575646,98.22094088742436,17.49809621427652,0.5791279026332181,0.0009965896606445312,0.0
img_2_slice_186.npy,0.0736699616643857,92.63300383356143,0.013315831349447629,98.66841686505524,18.756317140011088,0.6066921524842362,0.0010006427764892578,0.0010006427764892578
img_2_slice_189.npy,0.07463671128326095,92.5363288716739,0.013344120566405633,98.66558794335944,18.747100427638813,0.6084060884579529,0.0010001659393310547,0.0009999275207519531
img_2_slice_193.npy,0.08069822581681496,91.93017741831851,0.015120970574390881,98.48790294256091,18.204203317465854,0.604251615443216,0.0009992122650146484,0.0009999275207519531
img_2_slice_197.npy,0.08277783399360496,91.72221660063951,0.015557548902215657,98.44424510977844,18.080588252186946,0.6023395634979606,0.0009989738464355469,0.0010006427764892578
img_2_slice_201.npy,0.09242266189182453,90.75773381081754,0.019518851649582742,98.04811483504172,17.095457367164506,0.5861310396281665,0.0020101070404052734,0.0009968280792236328
img_2_slice_209.npy,0.08843843989984974,91.15615601001502,0.017156815637301242,98.28431843626988,17.655633155246505,0.5840755026965818,0.0009996891021728516,0.0009996891021728516
img_2_slice_212.npy,0.0862875939680026,91.37124060319974,0.01613006091343101,98.38699390865689,17.92363992541788,0.585221320107322,0.0009999275207519531,0.0009992122650146484
img_2_slice_214.npy,0.09672370150367315,90.32762984963269,0.02049088186629036,97.95091181337096,16.884393504605814,0.5689638153447352,0.0009984970092773438,0.001001119613647461
img_2_slice_217.npy,0.09334203997483378,90.66579600251661,0.018844290168088286,98.11557098319116,17.248202170304218,0.5720613301132629,0.0009984970092773438,0.0010006427764892578
img_2_slice_222.npy,0.08581859746837069,91.41814025316293,0.015486749417098827,98.45132505829012,18.10039728681185,0.5778168924455598,0.0010063648223876953,0.002000093460083008
img_2_slice_225.npy,0.0908598867602016,90.91401132397984,0.017320134917588933,98.26798650824111,17.614487293085006,0.5625118542852937,0.0009984970092773438,0.0010008811950683594
img_2_slice_228.npy,0.0868806103203257,91.31193896796744,0.015665426678196016,98.4334573321804,18.05057771770945,0.5666236203661904,0.0009996891021728516,0.0
img_2_slice_231.npy,0.10032298569948533,89.96770143005146,0.021205245445324077,97.87947545546758,16.73556696326981,0.5414309279539435,0.00099945068359375,0.0
img_2_slice_234.npy,0.11613068158073177,88.38693184192682,0.028772097616205746,97.12279023837944,15.410284749211058,0.5227748880087703,0.0009987354278564453,0.0010004043579101562
img_2_slice_235.npy,0.11853443498898267,88.14655650110174,0.029990841143210947,97.0009158856789,15.230113535558388,0.5188147291355917,0.0009989738464355469,0.0
img_2_slice_24.npy,0.07851176311080488,92.1488236889195,0.014211345002181746,98.57886549978183,18.47364817260209,0.6151236413192983,0.00099945068359375,0.0010180473327636719
img_2_slice_240.npy,0.10441679279949885,89.5583207200501,0.022648794920763243,97.73512050792368,16.449549006350686,0.5249203435570828,0.0009989738464355469,0.0010004043579101562
img_2_slice_255.npy,0.10173601474102596,89.8263985258974,0.021485563133062713,97.85144368669373,16.67853259044231,0.5378489748005112,0.0009763240814208984,0.0
img_2_slice_264.npy,0.10035910826859347,89.96408917314065,0.02121508722160291,97.87849127783971,16.733551783784883,0.5397190868287148,0.00099945068359375,0.0010006427764892578
img_2_slice_265.npy,0.10306935729393649,89.69306427060634,0.022513793849607378,97.74862061503926,16.475513149009707,0.5383643126089954,0.0005052089691162109,0.0010051727294921875
img_2_slice_27.npy,0.0782095555403802,92.17904444596198,0.014247941240000702,98.57520587599993,18.462478846169684,0.6130405147141857,0.0010001659393310547,0.0009992122650146484
img_2_slice_29.npy,0.07596384831902765,92.40361516809723,0.0134292702950383,98.65707297049617,18.71947584907457,0.6161516746529659,0.0009982585906982422,0.001001596450805664
img_2_slice_3.npy,0.08859089913718553,91.14091008628145,0.017527376918597518,98.24726230814025,17.562830739243374,0.601357995533248,0.0009984970092773438,0.0009999275207519531
img_2_slice_34.npy,0.07174744837665382,92.82525516233461,0.011945079973935464,98.80549200260646,19.22810938243731,0.620720988167143,0.001997709274291992,0.0010006427764892578
img_2_slice_36.npy,0.07027657480026975,92.97234251997303,0.01142742362306077,98.85725763769392,19.4205167270274,0.6235952897062894,0.0009829998016357422,0.0
img_2_slice_4.npy,0.0872724908789061,91.27275091210939,0.01699981490753109,98.30001850924688,17.695558071555787,0.6038967634091654,0.0010023117065429688,0.0
img_2_slice_40.npy,0.07078967652548476,92.92103234745153,0.011641771857005033,98.8358228142995,19.339809158065613,0.6210955992427002,0.0009996891021728516,0.0
img_2_slice_46.npy,0.07147031486795624,92.85296851320437,0.011904722472600954,98.8095277527399,19.242807245785368,0.615597088760419,0.0008978843688964844,0.0
img_2_slice_5.npy,0.08833723504370207,91.16627649562979,0.017497445693522625,98.25025543064774,17.570253457236802,0.6030777637160148,0.0010707378387451172,0.0010514259338378906
img_2_slice_51.npy,0.0746157301467799,92.538426985322,0.013176894036892147,98.68231059631078,18.801869464645492,0.6109075359024877,0.0018987655639648438,0.0009963512420654297
img_2_slice_52.npy,0.07204719860087086,92.79528013991292,0.012220929151372628,98.77790708486273,19.128957736373536,0.6155498511185346,0.0010018348693847656,0.0
img_2_slice_60.npy,0.07676448400466264,92.32355159953374,0.01381938330863048,98.61806166913695,18.595113369643244,0.6069808502175169,0.0,0.0009996891021728516
img_2_slice_74.npy,0.083690267031778,91.6309732968222,0.01666572037525161,98.33342796247484,17.78175909232074,0.595362493344578,0.0009999275207519531,0.0009996891021728516
img_2_slice_83.npy,0.08191446785552563,91.80855321444744,0.015958232891335446,98.40417671086645,17.970152012078007,0.5921250020828375,0.0009670257568359375,0.0010001659393310547
img_2_slice_86.npy,0.09075549561229962,90.92445043877004,0.01988359605299617,98.01164039470038,17.0150506839246,0.5769571650722092,0.0009984970092773438,0.0
img_2_slice_90.npy,0.08546622251094892,91.45337774890511,0.017592397882198452,98.24076021178016,17.546749612229164,0.5869265065524742,0.0023021697998046875,0.000997304916381836
img_3_slice_0.npy,0.06564723822446886,93.43527617755312,0.009537112556357702,99.04628874436423,20.205830918212012,0.5101247045955869,0.0,0.0009982585906982422
img_3_slice_107.npy,0.04809712270193589,95.19028772980641,0.00580019255191622,99.41998074480838,22.365575887048866,0.5956408241318574,0.0009982585906982422,0.0
img_3_slice_109.npy,0.053993211224042194,94.60067887759578,0.007484114213686016,99.2515885786314,21.258595934335048,0.5826162334311497,0.0025177001953125,0.0010004043579101562
img_3_slice_11.npy,0.06504288215553305,93.49571178444668,0.009789174788705094,99.02108252112949,20.092539169626413,0.549537734305815,0.0,0.001001119613647461
img_3_slice_127.npy,0.051425981843114525,94.85740181568855,0.006737053201891351,99.32629467981087,21.715300230500812,0.5824896747852237,0.0010018348693847656,0.0
img_3_slice_137.npy,0.04397027145835023,95.60297285416497,0.004632103166821578,99.53678968331783,23.34221776508087,0.5974489627909355,0.0010001659393310547,0.0
img_3_slice_142.npy,0.04716064571072739,95.28393542892726,0.005438320023070937,99.4561679976929,22.645352395281474,0.584671270308653,0.000997781753540039,0.0010008811950683594
img_3_slice_156.npy,0.05333120963984458,94.66687903601554,0.007115898861496449,99.28841011385036,21.47770233185941,0.5784287061244363,0.0009999275207519531,0.0
img_3_slice_162.npy,0.044182313560390665,95.58176864396093,0.004736448498371167,99.52635515016289,23.24547180620971,0.6081907040404549,0.001001119613647461,0.0009992122650146484
img_3_slice_179.npy,0.04435953958152992,95.564046041847,0.004765424201767159,99.52345757982329,23.218984338951717,0.5997488547974759,0.0009980201721191406,0.0010006427764892578
img_3_slice_181.npy,0.04672390639251061,95.32760936074894,0.005284081300074944,99.47159186999251,22.770305090169536,0.6054084711366894,0.0009808540344238281,0.0
img_3_slice_187.npy,0.059430681141539016,94.0569318858461,0.008586700520308983,99.1413299479691,20.661736837934093,0.5764862155378843,0.0,0.0009989738464355469
img_3_slice_190.npy,0.03627587315185793,96.37241268481421,0.002874945609961744,99.71250543900383,25.41370367154151,0.6317726085511377,0.001976490020751953,0.0
img_3_slice_194.npy,0.06280368956752452,93.71963104324755,0.009367345984023284,99.06326540159766,20.283834387560425,0.5666789479998074,0.0009810924530029297,0.0
img_3_slice_195.npy,0.04830363868164869,95.16963613183513,0.0052487486873836866,99.47512513126163,22.799442209631188,0.6046343437877933,0.00400090217590332,0.002995729446411133
img_3_slice_197.npy,0.05704269636662649,94.29573036333736,0.00755181935213556,99.24481806478644,21.21948407389681,0.5892209193710782,0.0015103816986083984,0.0010089874267578125
img_3_slice_207.npy,0.056947954541270454,94.30520454587295,0.007130452435297152,99.28695475647028,21.4688291279623,0.5555257654722496,0.0010211467742919922,0.0
img_3_slice_220.npy,0.05950125563241826,94.04987443675817,0.0071669379409104355,99.28330620590896,21.44666356104875,0.5195101373465724,0.002000093460083008,0.0
img_3_slice_221.npy,0.06561572581790649,93.43842741820934,0.008767959950761276,99.12320400492388,20.57101442573564,0.4987136175974977,0.0009996891021728516,0.001001119613647461
img_3_slice_28.npy,0.05155737960088587,94.84426203991141,0.006259975534695565,99.37400244653044,22.03427364100669,0.5942297036236088,0.0010242462158203125,0.0
img_3_slice_35.npy,0.056235148551841745,94.37648514481583,0.007807898053085101,99.21921019469148,21.074658658423424,0.5723300338832676,0.0,0.001001119613647461
img_3_slice_39.npy,0.05195602782167608,94.80439721783239,0.0065720257671688515,99.34279742328312,21.823007424802338,0.5880209132718152,0.0009999275207519531,0.0
img_3_slice_41.npy,0.04872873846682188,95.1271261533178,0.005693963972996454,99.43060360270036,22.44585285060215,0.5982533780260813,0.00099945068359375,0.0010287761688232422
img_3_slice_44.npy,0.052658059840898025,94.7341940159102,0.006808327135741398,99.31916728642585,21.669595848514938,0.5873141550454467,0.0,0.0010020732879638672
img_3_slice_5.npy,0.0706595355001371,92.93404644998628,0.011391901411290532,98.86080985887095,19.43403782197192,0.5224685247214553,0.001001119613647461,0.0010251998901367188
img_3_slice_58.npy,0.05352373504260244,94.64762649573976,0.007100504454777912,99.28994955452221,21.487107957676987,0.5832585448226231,0.00099945068359375,0.001001119613647461
img_3_slice_61.npy,0.049209129018960934,95.07908709810391,0.005956606305262674,99.40433936947373,22.25001103124622,0.5904541634357815,0.0008935928344726562,0.0010976791381835938
img_3_slice_73.npy,0.05206234399843807,94.79376560015619,0.006770000466747596,99.32299995332524,21.694113013730686,0.5891996736795637,0.0010137557983398438,0.0
img_3_slice_80.npy,0.05342142368279999,94.65785763172,0.007069218121326763,99.29307818786732,21.506286179387647,0.584650762576648,0.0020253658294677734,0.0009794235229492188
img_3_slice_82.npy,0.046738632377864464,95.32613676221355,0.005238277771479575,99.47617222285204,22.808114758568937,0.5931288490191984,0.000982046127319336,0.0009984970092773438
img_3_slice_90.npy,0.0552709285796405,94.47290714203595,0.0078815114552605,99.21184885447396,21.033904888893787,0.5814702372305792,0.0008983612060546875,0.0
img_3_slice_94.npy,0.05064318054548449,94.93568194545155,0.006570711506972331,99.34292884930277,21.823876004826623,0.5876372851637561,0.0011210441589355469,0.001982450485229492
img_3_slice_97.npy,0.053950117144666423,94.60498828553335,0.007545460886186212,99.24545391138138,21.223142278281777,0.5844693569172105,0.001003265380859375,0.0009980201721191406
img_4_slice_1.npy,0.0533107338488275,94.66892661511726,0.006284443922668677,99.37155560773313,22.017331447084576,0.5692726319129577,0.0,0.0010106563568115234
img_4_slice_102.npy,0.0346021017258691,96.53978982741309,0.0029140282852142953,99.70859717147857,25.35506237036561,0.6272363239424147,0.0019903182983398438,0.0011053085327148438
img_4_slice_104.npy,0.042163730971809046,95.7836269028191,0.004486506249883097,99.55134937501168,23.480917229229522,0.6196874298626871,0.0008802413940429688,0.0009996891021728516
img_4_slice_107.npy,0.031253648134458044,96.87463518655419,0.0022826410900065597,99.77173589099935,26.41562369229558,0.6312883922113234,0.0009987354278564453,0.0011074542999267578
img_4_slice_127.npy,0.054662527749297724,94.53374722507023,0.007713539852508215,99.22864601474917,21.127462723246687,0.5943965246936819,0.001997232437133789,0.0009999275207519531
img_4_slice_132.npy,0.041961285149321834,95.80387148506782,0.00423897726039726,99.57610227396027,23.727389131582424,0.6188711847762041,0.0009980201721191406,0.0020475387573242188
img_4_slice_136.npy,0.0472490903383894,95.27509096616106,0.005475129468999446,99.45248705310006,22.61605606714834,0.5990041035955325,0.0010008811950683594,0.0
img_4_slice_155.npy,0.04792427970888999,95.20757202911099,0.005616073945691496,99.43839260543085,22.505671825744127,0.6012337664112977,0.0019919872283935547,0.0009984970092773438
img_4_slice_165.npy,0.050954481377237404,94.90455186227626,0.006435577802315845,99.35644221976841,21.9141245496127,0.6024398783010284,0.0009837150573730469,0.0
img_4_slice_177.npy,0.050850671757606034,94.9149328242394,0.006332764701948827,99.36672352980511,21.984066481709515,0.5957638352905463,0.0019495487213134766,0.0
img_4_slice_187.npy,0.04258615872915843,95.74138412708416,0.004273664030611902,99.57263359693881,23.691996224121112,0.6217393356253952,0.0019030570983886719,0.0
img_4_slice_188.npy,0.03759302738858525,96.24069726114148,0.0032542104936996866,99.67457895063004,24.87554358806774,0.6372239462974115,0.0008826255798339844,0.0009987354278564453
img_4_slice_189.npy,0.04196991317563486,95.80300868243651,0.004151913428474711,99.58480865715252,23.81751710537174,0.6199740310790656,0.002018451690673828,0.0009894371032714844
img_4_slice_192.npy,0.03995764246403143,96.00423575359686,0.0037548477583766618,99.62451522416234,24.254076669254047,0.6314209349939648,0.0010960102081298828,0.0009927749633789062
img_4_slice_199.npy,0.04585976200911767,95.41402379908823,0.005134600390951447,99.48653996090485,22.894933504616134,0.6144003323770487,0.0010013580322265625,0.0010869503021240234
img_4_slice_2.npy,0.04925832020787608,95.07416797921239,0.005304100053319147,99.46958999466808,22.753882922589078,0.5715648722988669,0.0009388923645019531,0.002056598663330078
img_4_slice_21.npy,0.04227737601177407,95.77226239882259,0.00391352782430061,99.60864721756994,24.074315740972573,0.5634246056671091,0.0010106563568115234,0.0009720325469970703
img_4_slice_220.npy,0.047077763976487046,95.2922236023513,0.005496652677123273,99.45033473228767,22.599017043976236,0.6214804404960447,0.0019059181213378906,0.001993417739868164
img_4_slice_223.npy,0.043779938185021655,95.62200618149784,0.004639634832689999,99.536036516731,23.335161997012705,0.6268517201206236,0.0010006427764892578,0.0009970664978027344
img_4_slice_229.npy,0.051965944010131306,94.80340559898687,0.006714937239006841,99.32850627609932,21.72958042098823,0.612652081584176,0.0009849071502685547,0.0010035037994384766
img_4_slice_232.npy,0.04464304314682492,95.5356956853175,0.004747936082336647,99.52520639176633,23.234951362371046,0.6324582008890111,0.0010025501251220703,0.0
img_4_slice_24.npy,0.045947738218374105,95.4052261781626,0.004710692918812063,99.52893070811879,23.26915205677323,0.5759417284635064,0.0009024143218994141,0.0010013580322265625
img_4_slice_243.npy,0.042512607220747664,95.74873927792524,0.004065174022528841,99.59348259774711,23.909208583340398,0.6273379220781071,0.0019989013671875,0.0009982585906982422
img_4_slice_245.npy,0.05564527220017668,94.43547277998233,0.007184083299226442,99.28159167007735,21.436286406803045,0.5871669008100088,0.0009868144989013672,0.0
img_4_slice_246.npy,0.05516007991060269,94.48399200893974,0.006988657080574126,99.30113429194259,21.556062689650272,0.5931640443788401,0.0008840560913085938,0.0011065006256103516
img_4_slice_247.npy,0.03754552988881246,96.24544701111876,0.0030114876324179593,99.6988512367582,25.212189160509844,0.6268529024206513,0.0010004043579101562,0.0
img_4_slice_254.npy,0.05467889587466998,94.532110412533,0.006670709587288689,99.33292904127113,21.75827966165496,0.5732809076218279,0.0009992122650146484,0.0010001659393310547
img_4_slice_257.npy,0.05767510409359538,94.23248959064047,0.007524206436740579,99.24757935632594,21.235392975039833,0.5738910722930314,0.0018970966339111328,0.0009982585906982422
img_4_slice_259.npy,0.050264273780951135,94.97357262190489,0.00558252850047466,99.44174714995253,22.53169051047876,0.5894516616970001,0.0021042823791503906,0.0008966922760009766
img_4_slice_260.npy,0.05108612163558772,94.89138783644123,0.005787455476040583,99.42125445239594,22.37512337068464,0.5998563753265436,0.0010030269622802734,0.0010006427764892578
img_4_slice_266.npy,0.04160075297562901,95.8399247024371,0.003682943633874962,99.6317056366125,24.33804927814757,0.6010809103520571,0.0009987354278564453,0.001051187515258789
img_4_slice_28.npy,0.04434928738545803,95.5650712614542,0.004444640210885155,99.55553597891148,23.521633889685422,0.5886222476927043,0.0,0.000997781753540039
img_4_slice_281.npy,0.05074736715579143,94.92526328442085,0.0055786093398249225,99.4421390660175,22.534740504015588,0.581311273974695,0.0009374618530273438,0.0
img_4_slice_283.npy,0.04517554250860677,95.48244574913932,0.004341763896807118,99.5658236103193,23.62333796980579,0.5884804206327013,0.0009989738464355469,0.0010008811950683594
img_4_slice_286.npy,0.06690522496221887,93.30947750377811,0.010115331762704995,98.98846682372951,19.95019868666855,0.5259934966805183,0.0020008087158203125,0.0011019706726074219
img_4_slice_290.npy,0.03592146020771856,96.40785397922814,0.0026173334725476914,99.73826665274524,25.821409406918367,0.600751575430431,0.001995563507080078,0.00099945068359375
img_4_slice_291.npy,0.029344345296736594,97.06556547032635,0.0016993342030238985,99.8300665796976,27.697212013217705,0.6195739354736182,0.0010633468627929688,0.0
img_4_slice_34.npy,0.05182249990509327,94.81775000949068,0.0062543419868074405,99.37456580131926,22.038183752640688,0.5898314787258615,0.0009975433349609375,0.0010013580322265625
img_4_slice_39.npy,0.05280501017331726,94.71949898266827,0.006506655007722087,99.3493344992278,21.866422195785127,0.5773211404140517,0.0010542869567871094,0.0
img_4_slice_50.npy,0.02556463183319338,97.44353681668066,0.0014282763478930978,99.85717236521069,28.45187755617466,0.6592987638297505,0.0011134147644042969,0.000993490219116211
img_4_slice_51.npy,0.02455042003466694,97.54495799653331,0.001327435881842078,99.8672564118158,28.769864471464413,0.6557285161966446,0.000997304916381836,0.0
img_4_slice_53.npy,0.024241235157792217,97.57587648422079,0.0012888491167707633,99.87111508832292,28.89797921738395,0.659134255886888,0.0010042190551757812,0.0010180473327636719
img_4_slice_58.npy,0.04178062664280146,95.82193733571985,0.004319362888167925,99.56806371118321,23.64580307481014,0.6332136462731344,0.0020797252655029297,0.0009744167327880859
img_4_slice_61.npy,0.02696762851553089,97.30323714844691,0.0016789392998631354,99.83210607001368,27.749650050001435,0.6518249926109151,0.0009315013885498047,0.0
img_4_slice_8.npy,0.0652382141201266,93.47617858798733,0.009807265678485146,99.0192734321515,20.084520595182425,0.5397834977203614,0.0009829998016357422,0.0
img_4_slice_99.npy,0.05017495479743498,94.98250452025651,0.006667734070841544,99.33322659291585,21.760217294602796,0.6088437743956318,0.0008993148803710938,0.0010020732879638672
img_5_slice_100.npy,0.09614562980964586,90.38543701903541,0.024498231479907352,97.55017685200926,16.108652660942294,0.5690281852560781,0.0009989738464355469,0.0010073184967041016
img_5_slice_101.npy,0.0923964164376839,90.7603583562316,0.02253604346931485,97.74639565306852,16.471223283197023,0.5748431476993145,0.0014433860778808594,0.0
img_5_slice_106.npy,0.08814162700378253,91.18583729962175,0.020321201889199614,97.96787981108004,16.92050609458444,0.5774200020707118,0.0011157989501953125,0.0008871555328369141
img_5_slice_107.npy,0.08162424937596177,91.83757506240381,0.017197382901275433,98.28026170987245,17.645376390234727,0.5868327001957936,0.0025255680084228516,0.0010025501251220703
img_5_slice_108.npy,0.08816432767220556,91.18356723277945,0.020322778870211142,97.96772211297889,16.920169083229293,0.5774922645614929,0.0009992122650146484,0.0
img_5_slice_115.npy,0.08873202311820996,91.12679768817901,0.02075943014912325,97.92405698508767,16.827845721380296,0.572648260649162,0.0009982585906982422,0.0
img_5_slice_116.npy,0.09016050161371728,90.98394983862828,0.021457465754800047,97.85425342452,16.684215719179498,0.5727008141269612,0.001998424530029297,0.0
img_5_slice_118.npy,0.08559128045004029,91.44087195499597,0.019268209605375234,98.07317903946247,17.151586379460035,0.5819835163530197,0.000942230224609375,0.0010662078857421875
img_5_slice_122.npy,0.08645908909642394,91.3540910903576,0.019744758667016853,98.02552413329832,17.045481701180375,0.5826328216332789,0.0015096664428710938,0.0010221004486083984
img_5_slice_13.npy,0.08244266085572774,91.75573391442722,0.01566325861551754,98.43367413844824,18.051178813893575,0.6087697447643237,0.0010061264038085938,0.0
img_5_slice_131.npy,0.09016715315327939,90.98328468467206,0.022075874011375538,97.79241259886244,16.56082093150012,0.5577372409777971,0.0008976459503173828,0.0010020732879638672
img_5_slice_137.npy,0.0846450076051035,91.53549923948965,0.019509986970572848,98.04900130294271,17.09743020641884,0.5619699085965102,0.0009963512420654297,0.0011060237884521484
img_5_slice_14.npy,0.08131298432021139,91.86870156797886,0.015218851930497622,98.47811480695023,18.17618108344407,0.6069046740311346,0.0009992122650146484,0.0
img_5_slice_147.npy,0.08313595839278326,91.68640416072166,0.01963491474391354,98.03650852560864,17.06970980124568,0.5476252815518821,0.0019834041595458984,0.0010221004486083984
img_5_slice_151.npy,0.08572369743309141,91.42763025669086,0.021281657901841427,97.87183420981586,16.71994542280428,0.5294834007199093,0.0008943080902099609,0.0009999275207519531
img_5_slice_154.npy,0.07741034198603515,92.25896580139649,0.017150184901050164,98.28498150989499,17.65731193342907,0.5493341594232943,0.0010199546813964844,0.0
img_5_slice_160.npy,0.08799805187088398,91.2001948129116,0.02224691815662995,97.775308184337,16.527301428974738,0.5496575339499931,0.0019855499267578125,0.0
img_5_slice_162.npy,0.0845090085209697,91.54909914790304,0.02034748801112889,97.96525119888712,16.91489198735737,0.5566319539141642,0.0020530223846435547,0.0010516643524169922
img_5_slice_18.npy,0.08296614879699299,91.7033851203007,0.015928439277861382,98.40715607221387,17.978267757505762,0.6070097689122538,0.0010027885437011719,0.0
img_5_slice_182.npy,0.08158573599119182,91.84142640088082,0.01654998228000204,98.34500177199979,17.812024668853294,0.6236116269084114,0.0009458065032958984,0.0010008811950683594
img_5_slice_188.npy,0.09713594430230468,90.28640556976953,0.02325265389441919,97.67473461055808,16.335274726266686,0.612031196454077,0.0,0.0009996891021728516
img_5_slice_198.npy,0.10341774946268731,89.65822505373127,0.025479065405819387,97.45209345941807,15.938165063421641,0.5964736302504379,0.0009799003601074219,0.0010988712310791016
img_5_slice_207.npy,0.12073434034597721,87.92656596540228,0.03492760545067234,96.50723945493277,14.568311874859337,0.5751431912088545,0.0010001659393310547,0.0
img_5_slice_208.npy,0.10567694077334674,89.43230592266532,0.026287623860778167,97.37123761392218,15.802486680126789,0.5930527262872254,0.0018918514251708984,0.001100301742553711
img_5_slice_209.npy,0.10863520231140025,89.13647976885997,0.02789551747188056,97.21044825281194,15.54465577860072,0.5913766550039056,0.0019996166229248047,0.0
img_5_slice_21.npy,0.08187093300669561,91.81290669933044,0.015548083531300164,98.44519164686997,18.08323134809148,0.604581207627028,0.0008957386016845703,0.0011107921600341797
img_5_slice_220.npy,0.11684125072401905,88.31587492759809,0.0329299678100132,96.70700321899868,14.824086938231812,0.5747590870098129,0.0009860992431640625,0.0
img_5_slice_32.npy,0.07753027487216803,92.2469725127832,0.014040300891152714,98.59596991088473,18.526235849436034,0.6107517649662165,0.0011172294616699219,0.0008823871612548828
img_5_slice_38.npy,0.07076431634766978,92.92356836523302,0.012013976184651252,98.79860238153488,19.203132332913434,0.6143388382022187,0.0019979476928710938,0.0009987354278564453
img_5_slice_39.npy,0.06909751272389396,93.0902487276106,0.011440584939512242,98.85594150604877,19.41551770166415,0.6177230142910416,0.001504659652709961,0.0010116100311279297
img_5_slice_46.npy,0.06988356516926333,93.01164348307367,0.011521005659300474,98.84789943406996,19.385096100428033,0.6213849659310722,0.0011072158813476562,0.0
img_5_slice_47.npy,0.07012511034261228,92.98748896573878,0.011687890950511818,98.83121090494882,19.32263849076832,0.6185989746934921,0.002007007598876953,0.0008835792541503906
img_5_slice_55.npy,0.07251109844603755,92.74889015539625,0.012922332597657703,98.70776674023422,18.886590851911805,0.6008810267397255,0.0020046234130859375,0.000997304916381836
img_5_slice_64.npy,0.07337273664498585,92.66272633550142,0.013394939494589291,98.66050605054107,18.73059243774723,0.6077111172653025,0.001001596450805664,0.001102447509765625
img_5_slice_65.npy,0.07416605256082953,92.58339474391704,0.013725757577396493,98.62742424226035,18.624636758321124,0.6064342974376624,0.0009996891021728516,0.0010466575622558594
img_5_slice_74.npy,0.08152101965774147,91.84789803422585,0.017050019131509792,98.29499808684902,17.682751293574384,0.5830862171015908,0.0020647048950195312,0.0019290447235107422
img_5_slice_76.npy,0.0851751271704755,91.48248728295245,0.018842075601988775,98.11579243980113,17.248712579741838,0.5768575647604425,0.0009770393371582031,0.0010161399841308594
img_6_slice_108.npy,0.05726578694810944,94.27342130518906,0.007580617429388372,99.24193825706115,21.2029542032362,0.5760197626304243,0.0008981227874755859,0.0009927749633789062
img_6_slice_123.npy,0.05661951723175963,94.33804827682404,0.007318819235948738,99.26811807640512,21.355589791431502,0.5754663460774203,0.0009970664978027344,0.0010008811950683594
img_6_slice_126.npy,0.0591891959228238,94.08108040771762,0.008052366141692056,99.1947633858308,20.940764859317653,0.555466111160303,0.0008935928344726562,0.0010042190551757812
img_6_slice_127.npy,0.05800638293983092,94.1993617060169,0.007683794430226712,99.23162055697733,21.14424262630285,0.5671055105949384,0.0010037422180175781,0.0
img_6_slice_134.npy,0.056874915986893156,94.31250840131068,0.007451942364870848,99.2548057635129,21.277305127016337,0.5698426258588231,0.0,0.0010035037994384766
img_6_slice_138.npy,0.052626365104057105,94.7373634895943,0.006266191235053193,99.37338087649468,22.029963552154026,0.5729485555481493,0.0020046234130859375,0.0010104179382324219
img_6_slice_145.npy,0.05038885554118576,94.96111444588142,0.005700175355342099,99.4299824644658,22.441117838562743,0.5725742576847006,0.0,0.0015285015106201172
img_6_slice_146.npy,0.047957242991385735,95.20427570086143,0.0051113660636674775,99.48886339363325,22.914630148111858,0.5850991598672319,0.0010013580322265625,0.0
img_6_slice_150.npy,0.058635727436425825,94.13642725635741,0.007784022701917574,99.22159772980824,21.087959061283023,0.5481607389312896,0.0009989738464355469,0.0010006427764892578
img_6_slice_152.npy,0.05570210846780022,94.42978915321999,0.0069658464317022125,99.30341535682979,21.570261041814693,0.5504998514774904,0.0009992122650146484,0.0
img_6_slice_157.npy,0.0473695543172498,95.26304456827502,0.004930249135329356,99.50697508646707,23.071311344012674,0.5812572656744139,0.0,0.0010044574737548828
img_6_slice_158.npy,0.059516038732119345,94.04839612678806,0.008114929674492205,99.18850703255077,20.90715239499156,0.5515380781738967,0.0010898113250732422,0.0010099411010742188
img_6_slice_160.npy,0.05109612031385386,94.8903879686146,0.00584553445585274,99.41544655441473,22.3317577524356,0.5735717318443913,0.0009970664978027344,0.0010030269622802734
img_6_slice_167.npy,0.05300094714101724,94.69990528589828,0.00622000091881839,99.37799990811817,22.06209551155206,0.5533072174781382,0.0009851455688476562,0.000995635986328125
img_6_slice_171.npy,0.05603346370737903,94.39665362926209,0.006950726580581473,99.30492734194185,21.57969794914358,0.5449265376351952,0.0008962154388427734,0.0010383129119873047
img_6_slice_183.npy,0.061503486216790984,93.8496513783209,0.008393548278618051,99.16064517213819,20.760544072215534,0.5313773129969153,0.0009543895721435547,0.0010521411895751953
img_6_slice_209.npy,0.05766955526311074,94.23304447368892,0.007480517944904369,99.25194820550956,21.26068330902067,0.5693784872562219,0.0009851455688476562,0.0009987354278564453
img_6_slice_217.npy,0.05753928227002192,94.24607177299781,0.0075926053840743865,99.24073946159257,21.196091714341474,0.5711499269437648,0.000985860824584961,0.000997304916381836
img_6_slice_227.npy,0.04907547517637626,95.09245248236238,0.005280613333238282,99.47193866667618,22.77315632054951,0.5903832252807992,0.0010008811950683594,0.0009968280792236328
img_6_slice_230.npy,0.05325356282246901,94.6746437177531,0.0062483760851890545,99.3751623914811,22.04232838476655,0.5842873264675578,0.000997304916381836,0.0
img_6_slice_238.npy,0.06371794205943886,93.62820579405611,0.008923707524402585,99.10762924755974,20.494546722093094,0.5499077914068358,0.0009987354278564453,0.0
img_6_slice_24.npy,0.0663995558717264,93.36004441282736,0.008903874233902114,99.10961257660979,20.504209829846765,0.5115666632595633,0.0009992122650146484,0.0010001659393310547
img_6_slice_245.npy,0.06436800604352418,93.56319939564757,0.008652799044058274,99.13472009559418,20.628433823903684,0.5144832051063656,0.0010237693786621094,0.0
img_6_slice_257.npy,0.06152933116562517,93.84706688343748,0.007322272612195201,99.26777273878048,21.35354106133522,0.48884318170861624,0.003000974655151367,0.0009968280792236328
img_6_slice_279.npy,0.07318470862904508,92.68152913709548,0.009733735440961705,99.02662645590384,20.11720461882514,0.4143429333961491,0.0010001659393310547,0.0010046958923339844
img_6_slice_42.npy,0.06947001584044193,93.0529984159558,0.010229804926616771,98.97701950733833,19.901326478227038,0.5332949505465249,0.0010013580322265625,0.0
img_6_slice_47.npy,0.06938247297449256,93.06175270255075,0.010349527201681469,98.96504727983185,19.850794896651173,0.5461136402329129,0.000720977783203125,0.0011243820190429688
img_6_slice_5.npy,0.06326779995986358,93.67322000401364,0.007979600805206573,99.20203991947935,20.98018834517999,0.506043461730427,0.0010306835174560547,0.0009789466857910156
img_6_slice_61.npy,0.05876677276693241,94.12332272330676,0.007469220586738658,99.25307794132613,21.267247144548666,0.5773187594567879,0.00099945068359375,0.0
img_6_slice_63.npy,0.05561072641941222,94.43892735805878,0.006695473479677817,99.33045265203222,21.74218705830388,0.5847318211011496,0.000993967056274414,0.0
img_6_slice_66.npy,0.05098741795788853,94.90125820421115,0.005573741738199491,99.44262582618005,22.53853158384347,0.6013664439269142,0.0010123252868652344,0.0
img_6_slice_77.npy,0.04970744129884414,95.02925587011558,0.005312585096682596,99.46874149033174,22.746941003818787,0.5825612409189692,0.0008940696716308594,0.0011436939239501953
img_6_slice_8.npy,0.05750805507640103,94.2491944923599,0.006553884181866778,99.34461158181333,21.835012375982256,0.5191294125369273,0.0019989013671875,0.0020093917846679688
img_6_slice_84.npy,0.05607917671648468,94.39208232835153,0.007021188766169547,99.29788112338305,21.535893507078452,0.5702471468369408,0.0010020732879638672,0.0009982585906982422
img_7_slice_0.npy,0.04565420881186101,95.4345791188139,0.004527906610409975,99.547209338959,23.44102539196525,0.5860516996592747,0.0009918212890625,0.0
img_7_slice_108.npy,0.0506719468995376,94.93280531004625,0.005562242779036411,99.44377572209636,22.547500591081864,0.5819662681661374,0.0018985271453857422,0.0019986629486083984
img_7_slice_113.npy,0.06827917478037449,93.17208252196255,0.010482894012352811,98.95171059876472,19.79518805129998,0.5366363852555933,0.0010149478912353516,0.0009903907775878906
img_7_slice_121.npy,0.05817870812280949,94.18212918771906,0.007469406747380969,99.2530593252619,21.267138903626794,0.5601269742746847,0.0009970664978027344,0.0010056495666503906
img_7_slice_126.npy,0.052853450195549996,94.714654980445,0.006082111932811204,99.39178880671888,22.15945591532411,0.5709923855885263,0.0009169578552246094,0.001093149185180664
img_7_slice_135.npy,0.06287844793560562,93.71215520643943,0.008726714884989406,99.12732851150106,20.591492128608873,0.5555185774689373,0.0011088848114013672,0.0
img_7_slice_158.npy,0.05936321117788483,94.06367888221152,0.00787478042148042,99.21252195785196,21.03761547134414,0.5760569201386584,0.0010018348693847656,0.0
img_7_slice_159.npy,0.05905469854500192,94.09453014549982,0.00779862365107631,99.22013763489237,21.07982037500046,0.5737946436779359,0.001064300537109375,0.0010404586791992188
img_7_slice_160.npy,0.05634515736220732,94.36548426377927,0.007046254807566638,99.29537451924334,21.520416558582625,0.5835366372173897,0.0010080337524414062,0.0009942054748535156
img_7_slice_163.npy,0.05859858610561996,94.140141389438,0.007685998640203188,99.23140013597968,21.142996967064743,0.5814851821846387,0.0009996891021728516,0.001001119613647461
img_7_slice_17.npy,0.04929426168412945,95.07057383158705,0.0054546997848984955,99.45453002151015,22.632291470646166,0.5437826535039034,0.0009236335754394531,0.0
img_7_slice_170.npy,0.04969608164270622,95.03039183572938,0.0054538372843439785,99.4546162715656,22.63297823410467,0.5954651385439751,0.0009996891021728516,0.0009989738464355469
img_7_slice_171.npy,0.05629233674481467,94.37076632551853,0.007157091095580084,99.284290890442,21.452634550431515,0.5858428671492112,0.0010006427764892578,0.001001119613647461
img_7_slice_176.npy,0.056395483845545914,94.36045161544541,0.007144603850567622,99.28553961494325,21.460218466885657,0.5858428102687583,0.0010046958923339844,0.001010894775390625
img_7_slice_178.npy,0.051809647507868144,94.81903524921319,0.005880692482250657,99.41193075177493,22.30571530469328,0.5963351743218523,0.0031201839447021484,0.0010056495666503906
img_7_slice_187.npy,0.06394189706214234,93.60581029378577,0.009261812974249904,99.07381870257501,20.33303993053994,0.5715354130692165,0.0,0.0010361671447753906
img_7_slice_194.npy,0.055179410003959005,94.4820589996041,0.006834456351588096,99.3165543648412,21.652960257772985,0.5916198460001336,0.0009036064147949219,0.0
img_7_slice_197.npy,0.055599232238607826,94.44007677613922,0.006979585497038178,99.30204145029619,21.561703684505268,0.5973321564042328,0.0009987354278564453,0.0010001659393310547
img_7_slice_199.npy,0.05636035537046646,94.36396446295335,0.007200996456354116,99.27990035436459,21.426074027975034,0.5966659943189293,0.0012001991271972656,0.0
img_7_slice_2.npy,0.04626552298201158,95.37344770179884,0.004681828753055983,99.5318171246944,23.2958447550974,0.5836956550277279,0.0,0.0010018348693847656
img_7_slice_206.npy,0.061063797753856223,93.89362022461438,0.008263711464870331,99.17362885351297,20.82824855017268,0.5849831521314354,0.0009989738464355469,0.0
img_7_slice_213.npy,0.05512796463769856,94.48720353623014,0.0063659909531053925,99.36340090468946,21.96133982903077,0.5824039235926022,0.0009829998016357422,0.0
img_7_slice_217.npy,0.058668795309687036,94.1331204690313,0.007265565654617791,99.27344343453822,21.387305684112363,0.5629794606463835,0.0,0.0009992122650146484
img_7_slice_28.npy,0.058999121394032204,94.10008786059679,0.007345108359579389,99.26548916404207,21.340017928457794,0.5148132194324614,0.0,0.0009999275207519531
img_7_slice_29.npy,0.05952719632917132,94.04728036708286,0.007466516485797613,99.25334835142023,21.268819716594265,0.5280971471378654,0.0009000301361083984,0.0010406970977783203
img_7_slice_3.npy,0.04784383391134403,95.21561660886559,0.005061577389834081,99.4938422610166,22.95714118546581,0.5873094651480123,0.0008974075317382812,0.0009984970092773438
img_7_slice_38.npy,0.061376177362236925,93.86238226377631,0.008017071439485183,99.19829285605148,20.959842464218248,0.5099670577255286,0.0010006427764892578,0.0
img_7_slice_44.npy,0.05083042991605641,94.91695700839435,0.005537780267660938,99.4462219732339,22.566642805217498,0.5452643501409531,0.001001596450805664,0.0009946823120117188
img_7_slice_54.npy,0.06454108118264373,93.54589188173563,0.009175984743873771,99.08240152561262,20.37347317170536,0.5105912703857105,0.0024983882904052734,0.0011153221130371094
img_7_slice_86.npy,0.06264312845037483,93.73568715496252,0.008519503263371826,99.14804967366283,20.69585726391235,0.533551560154274,0.001001119613647461,0.0
img_7_slice_92.npy,0.05919780161257071,94.08021983874293,0.007506824948933007,99.2493175051067,21.24543711294775,0.5467474263889656,0.0010483264923095703,0.0
img_7_slice_96.npy,0.06150271732041036,93.84972826795897,0.008275415275717244,99.17245847242827,20.822102033012232,0.5291569468266646,0.0008971691131591797,0.0010480880737304688
img_8_slice_110.npy,0.09018332249570948,90.98166775042905,0.01856185238899202,98.1438147611008,17.313786853275886,0.6394139590066238,0.0010025501251220703,0.0009937286376953125
img_8_slice_111.npy,0.08694529554192691,91.30547044580732,0.017198334974597402,98.28016650254025,17.64513596484707,0.6399425732756957,0.000993967056274414,0.00099945068359375
img_8_slice_119.npy,0.08038271761264128,91.96172823873587,0.014613278408397977,98.5386721591602,18.352523415636853,0.6502485474295793,0.002000570297241211,0.0
img_8_slice_121.npy,0.07627941828410378,92.37205817158963,0.013097975267675565,98.69020247323245,18.82795833965407,0.6547486331123472,0.0009844303131103516,0.0009996891021728516
img_8_slice_132.npy,0.07305105305385605,92.69489469461439,0.012221389318045037,98.77786106819549,19.128794210276894,0.652428417177944,0.0009999275207519531,0.0
img_8_slice_141.npy,0.08469331056023251,91.53066894397675,0.017082807026378315,98.29171929736216,17.674407650344484,0.6380342593406438,0.0009987354278564453,0.0009989738464355469
img_8_slice_146.npy,0.08288435447420689,91.71156455257932,0.016333760583518594,98.36662394164814,17.869138144888407,0.6410794843705646,0.001996278762817383,0.0
img_8_slice_149.npy,0.07698710261816044,92.30128973818395,0.013944293334536877,98.60557066654631,18.55603489909052,0.647846101493475,0.0009999275207519531,0.0
img_8_slice_15.npy,0.06833378673708337,93.16662132629166,0.01137516444460966,98.86248355553904,19.44042316264667,0.5998047483625739,0.0009837150573730469,0.0
img_8_slice_152.npy,0.07413513373055576,92.58648662694442,0.01289570763234445,98.71042923676555,18.895548216229514,0.6496164316687878,0.0010006427764892578,0.0
img_8_slice_169.npy,0.059148375595325105,94.08516244046749,0.008274206731092535,99.17257932689074,20.82273632455359,0.6428216424318404,0.0010230541229248047,0.0009922981262207031
img_8_slice_186.npy,0.06325271889141855,93.67472811085814,0.00987087712964814,99.01291228703518,20.05644254053697,0.6188581363106144,0.0,0.001001596450805664
img_8_slice_192.npy,0.06070892986654377,93.92910701334563,0.009009212189528083,99.09907878104718,20.453131842373182,0.6233765891566021,0.00099945068359375,0.0
img_8_slice_196.npy,0.06316809630221991,93.68319036977802,0.009824069782489443,99.01759302175105,20.07708561304448,0.6201019952123737,0.0009996891021728516,0.0
img_8_slice_200.npy,0.05929558627972734,94.07044137202728,0.008523319116594721,99.14766808834052,20.693912510878846,0.6269166377496479,0.0010018348693847656,0.0
img_8_slice_205.npy,0.059821814004341424,94.01781859956586,0.008680205045292275,99.13197949547077,20.614700157236015,0.6353363356543014,0.0009989738464355469,0.0
img_8_slice_21.npy,0.07041316863399183,92.95868313660081,0.012058245997891475,98.79417540021085,19.187158604244683,0.6017690454943667,0.0009992122650146484,0.0010013580322265625
img_8_slice_29.npy,0.0759159134026759,92.40840865973242,0.013835405200244929,98.6164594799755,18.590081170684943,0.6080333076101012,0.0009989738464355469,0.0009996891021728516
img_8_slice_3.npy,0.06463003463554695,93.5369965364453,0.010583890567565498,98.94161094324345,19.75354659197364,0.569138746037793,0.0009965896606445312,0.0010006427764892578
img_8_slice_39.npy,0.07215860217792294,92.7841397822077,0.012269914747761354,98.77300852522386,19.111584547714017,0.6207295934254253,0.0010905265808105469,0.0009126663208007812
img_8_slice_40.npy,0.0762886758831629,92.3711324116837,0.013767820465956688,98.62321795340434,18.611348058961187,0.6207774463357794,0.0009255409240722656,0.0009684562683105469
img_8_slice_44.npy,0.07568698535658476,92.43130146434152,0.013496855754808704,98.65031442451912,18.697673935332617,0.6246497455221139,0.0010759830474853516,0.0010495185852050781
img_8_slice_61.npy,0.08962706036148976,91.03729396385103,0.018688002986252956,98.13119970137471,17.284371051695206,0.6298913997156724,0.000997781753540039,0.001001596450805664
img_8_slice_62.npy,0.0881899881279291,91.18100118720709,0.01799335518776422,98.20066448122358,17.44887847011967,0.6320957471592561,0.001953125,0.0009486675262451172
img_8_slice_64.npy,0.0840680149492476,91.59319850507524,0.016155018392816536,98.38449816071835,17.916925431929677,0.6385646060271459,0.00101470947265625,0.0010876655578613281
img_8_slice_7.npy,0.06920715509023237,93.07928449097676,0.011832306582221957,98.8167693417778,19.26930586032608,0.5818118212693203,0.0010023117065429688,0.0
img_8_slice_73.npy,0.08658257460160262,91.34174253983973,0.016966032402847234,98.30339675971528,17.704197078893287,0.6359717025793167,0.0009987354278564453,0.0
img_8_slice_77.npy,0.09567459882648446,90.43254011735155,0.020980774725204165,97.90192252747958,16.78178479313618,0.6268231925858032,0.0010175704956054688,0.0010013580322265625
img_8_slice_80.npy,0.09522390352800975,90.47760964719902,0.02072432568544746,97.92756743145526,16.835195913375674,0.627282570182394,0.0008823871612548828,0.0010724067687988281
img_8_slice_88.npy,0.08725386014023409,91.2746139859766,0.017228697809891287,98.27713021901087,17.637475464260476,0.6375587447872912,0.000997304916381836,0.0010466575622558594
img_8_slice_98.npy,0.08858735823114915,91.14126417688509,0.017779298262099584,98.22207017379004,17.500853843619907,0.6403083025332585,0.0010590553283691406,0.0
img_9_slice_107.npy,0.03689878506021712,96.31012149397829,0.0031999459362863254,99.68000540637136,24.948573591084894,0.5156942763043703,0.0009529590606689453,0.0010433197021484375
img_9_slice_12.npy,0.030089209511203877,96.99107904887961,0.002089039996272833,99.79109600037272,26.80053245039172,0.5903918360351884,0.00099945068359375,0.0010023117065429688
img_9_slice_120.npy,0.03708182065267368,96.29181793473262,0.0031440669021686315,99.68559330978314,25.025082212415576,0.523861811612075,0.0020592212677001953,0.0009424686431884766
img_9_slice_139.npy,0.03651060871161481,96.34893912883852,0.0030713768731689115,99.6928623126831,25.126668902012085,0.5200913067568219,0.0009958744049072266,0.0020542144775390625
img_9_slice_14.npy,0.03281245261997806,96.7187547380022,0.002297357074853903,99.77026429251461,26.387714978017254,0.5812437378107788,0.0009548664093017578,0.0
img_9_slice_140.npy,0.039648810450736274,96.03511895492638,0.0035520770809841147,99.64479229190158,24.495176184894838,0.5177588074609037,0.0009000301361083984,0.0011255741119384766
img_9_slice_143.npy,0.03508824172521195,96.4911758274788,0.002765233103626594,99.72347668963734,25.5826825265887,0.5340946833523215,0.0010077953338623047,0.0009925365447998047
img_9_slice_149.npy,0.039368726410927764,96.06312735890722,0.0033733526832557957,99.66266473167443,24.71938251047765,0.535676108376461,0.00099945068359375,0.001004934310913086
img_9_slice_157.npy,0.04148838087546419,95.85116191245358,0.004036056687197226,99.59639433128028,23.94042742642248,0.5252243565077016,0.0,0.001008749008178711
img_9_slice_159.npy,0.03118960064449348,96.88103993555065,0.0023434454741479527,99.76565545258521,26.301451469238657,0.5388370861307747,0.0020058155059814453,0.0009281635284423828
img_9_slice_171.npy,0.033196062519550096,96.68039374804499,0.0026412507579445586,99.73587492420555,25.781903653126193,0.5309774951193231,0.0010190010070800781,0.0
img_9_slice_173.npy,0.033602138902623147,96.63978610973768,0.002702908381168895,99.72970916188311,25.681686750660326,0.5313111281917653,0.0010030269622802734,0.0010004043579101562
img_9_slice_177.npy,0.032388360748383194,96.76116392516167,0.0024495216960993935,99.75504783039007,26.1091870952281,0.5163518445263638,0.002028226852416992,0.0009772777557373047
img_9_slice_178.npy,0.04207505927752361,95.79249407224764,0.0041614047054251545,99.58385952945748,23.807600460945597,0.5027244078793206,0.0010313987731933594,0.000993490219116211
img_9_slice_187.npy,0.03812965514509692,96.1870344854903,0.0035613581578288972,99.64386418421711,24.48384348104173,0.49245552509768115,0.0009984970092773438,0.0009958744049072266
img_9_slice_192.npy,0.040976153660299997,95.90238463397,0.004106892662420841,99.58931073375791,23.864866477008896,0.48785388274851704,0.002007722854614258,0.0009932518005371094
img_9_slice_203.npy,0.0361048916178218,96.38951083821782,0.003245384980214828,99.67546150197852,24.88733778103704,0.5061992640817256,0.000993490219116211,0.0
img_9_slice_205.npy,0.03787434521199106,96.2125654788009,0.003625233863358222,99.63747661366418,24.406639719095576,0.5034600575846281,0.000988006591796875,0.0
img_9_slice_21.npy,0.0474548333441849,95.25451666558152,0.004942144308973928,99.50578556910261,23.06084577494027,0.5398258864575758,0.0010113716125488281,0.0010230541229248047
img_9_slice_22.npy,0.04359529570941818,95.64047042905818,0.00420749246478621,99.57925075352138,23.759766531310333,0.5487916839202575,0.0009925365447998047,0.0010116100311279297
img_9_slice_224.npy,0.03156636691936512,96.84336330806349,0.0024539665077138724,99.7546033492286,26.101313689172095,0.5450061924995413,0.0010249614715576172,0.0009706020355224609
img_9_slice_225.npy,0.02817498959481456,97.18250104051855,0.001984307067181248,99.80156929328187,27.023911208595315,0.5508702897284229,0.0009925365447998047,0.0
img_9_slice_226.npy,0.02827594034936875,97.17240596506312,0.00195918555558491,99.80408144444151,27.07924429778449,0.5554896220052822,0.0009989738464355469,0.0010004043579101562
img_9_slice_230.npy,0.029349267123926933,97.0650732876073,0.0021266199338820313,99.78733800661179,26.723101195785116,0.5571162357694041,0.0020058155059814453,0.0010020732879638672
img_9_slice_234.npy,0.031796508914097125,96.82034910859029,0.0023826241061038413,99.76173758938963,26.229444685732414,0.5546242063170955,0.0010046958923339844,0.0010280609130859375
img_9_slice_244.npy,0.03210647322628218,96.78935267737178,0.002321150298075853,99.76788497019241,26.342967373934343,0.5669025089160208,0.001992464065551758,0.0009925365447998047
img_9_slice_250.npy,0.04076975718925742,95.92302428107425,0.0036039389718836566,99.63960610281164,24.432225718546213,0.547490660980226,0.001005411148071289,0.0009961128234863281
img_9_slice_252.npy,0.02915507044814359,97.08449295518564,0.0019434093538512297,99.80565906461489,27.114357112921947,0.5673577848546636,0.0010080337524414062,0.0
img_9_slice_257.npy,0.030455912996074898,96.95440870039252,0.002081975316901816,99.79180246830983,26.815244236232164,0.5614896163910126,0.0009992122650146484,0.0
img_9_slice_259.npy,0.03767963978350084,96.23203602164992,0.0030515086038735307,99.69484913961266,25.154854011917305,0.5431674627658417,0.000982046127319336,0.000997781753540039
img_9_slice_26.npy,0.043623755921462073,95.63762440785379,0.004205551756847485,99.57944482431526,23.761770178840337,0.5463602219999437,0.0010106563568115234,0.001001596450805664
img_9_slice_264.npy,0.0358015165312073,96.41984834687926,0.0027322207569349887,99.7267779243065,25.634842136122376,0.5447150020334228,0.002006053924560547,0.0020110607147216797
img_9_slice_269.npy,0.02992680807514803,97.0073191924852,0.00194946255305499,99.8050537446945,27.10085102695938,0.557066029956828,0.0020072460174560547,0.0
img_9_slice_27.npy,0.04865323332526691,95.1346766674733,0.005256754468672013,99.4743245531328,22.79282307438705,0.5355086926437618,0.0010063648223876953,0.0009963512420654297
img_9_slice_272.npy,0.033808353775912625,96.61916462240873,0.002412325495730159,99.75876745042699,26.17564093106462,0.547752260812477,0.0020051002502441406,0.0
img_9_slice_28.npy,0.043837887603031665,95.61621123969684,0.004293320679319228,99.57066793206808,23.672066717214744,0.551224232852844,0.0,0.0011172294616699219
img_9_slice_280.npy,0.04453947246256042,95.54605275374396,0.004037046936213935,99.59629530637861,23.93936201290648,0.5153648935482043,0.0010287761688232422,0.0
img_9_slice_281.npy,0.04374465699799111,95.62553430020088,0.003909412042714612,99.60905879572853,24.0788855355174,0.5167298700719267,0.002027750015258789,0.0009906291961669922
img_9_slice_282.npy,0.03788970618991698,96.2110293810083,0.002983236252636409,99.70167637473637,25.25312352017263,0.5306304040450809,0.0010561943054199219,0.0009481906890869141
img_9_slice_286.npy,0.04450086818487447,95.54991318151255,0.004027365569270054,99.59726344307299,23.94978947121926,0.5158759333752538,0.0009989738464355469,0.0
img_9_slice_288.npy,0.05123264696115691,94.8767353038843,0.005298099728137105,99.47019002718629,22.758798710723855,0.4990448676226922,0.002027273178100586,0.0009853839874267578
img_9_slice_293.npy,0.047760787714457326,95.22392122855426,0.0045465062707159085,99.5453493729284,23.42322205580669,0.5005330432305314,0.0010006427764892578,0.0009872913360595703
img_9_slice_36.npy,0.0463267550308398,95.36732449691601,0.004809975275725058,99.5190024724275,23.17857155984541,0.5501590537463049,0.001004934310913086,0.0009806156158447266
img_9_slice_49.npy,0.04435683869093279,95.56431613090672,0.00443453297246197,99.5565467027538,23.531521116074035,0.5562461366407089,0.0009922981262207031,0.0008955001831054688
img_9_slice_50.npy,0.03856405315365492,96.14359468463451,0.0033510046572729018,99.6648995342727,24.74824968575795,0.5664988928273447,0.0009834766387939453,0.0
img_9_slice_55.npy,0.043745334108796476,95.62546658912035,0.004250353825472795,99.57496461745272,23.71574915113399,0.5524663475274794,0.0008876323699951172,0.0
img_9_slice_56.npy,0.047154913074033196,95.28450869259669,0.004958968879392051,99.50410311206079,23.04608617167796,0.5453227529357331,0.0008776187896728516,0.0
img_9_slice_73.npy,0.04198300636709203,95.8016993632908,0.003999704344703211,99.60002956552968,23.97972110224412,0.5414707617030206,0.0010020732879638672,0.00099945068359375
img_9_slice_81.npy,0.04076775548657654,95.92322445134235,0.0037918825959290833,99.62081174040709,24.211451177288783,0.5335367027487178,0.0009996891021728516,0.0009999275207519531
img_9_slice_9.npy,0.030112133621730278,96.98878663782698,0.0021483508576640134,99.7851649142336,26.678947904286552,0.5945818316878201,0.0009162425994873047,0.0
img_9_slice_90.npy,0.034691915904034844,96.53080840959652,0.0028474687791650165,99.7152531220835,25.455410290085414,0.5303077276441446,0.000997781753540039,0.0
img_9_slice_93.npy,0.03620710468023723,96.37928953197627,0.003025761658486937,99.69742383415131,25.191652846673005,0.5262521119106408,0.0009970664978027344,0.0010004043579101562
img_9_slice_98.npy,0.034954573157262255,96.50454268427377,0.0028143487714462614,99.71856512285538,25.506220831171046,0.5225358867502218,0.0009992122650146484,0.0009999275207519531
